minute,time,mets,flag
0,0:00:00,0.0,-1.0
1,0:01:00,0.0,-1.0
2,0:02:00,0.0,-1.0
3,0:03:00,0.0,-1.0
4,0:04:00,0.0,-1.0
5,0:05:00,0.0,-1.0
6,0:06:00,0.0,-1.0
7,0:07:00,0.0,-1.0
8,0:08:00,0.0,-1.0
9,0:09:00,0.0,-1.0
10,0:10:00,0.0,-1.0
11,0:11:00,0.0,-1.0
12,0:12:00,0.0,-1.0
13,0:13:00,0.0,-1.0
14,0:14:00,0.0,-1.0
15,0:15:00,0.0,-1.0
16,0:16:00,0.0,-1.0
17,0:17:00,0.0,-1.0
18,0:18:00,0.0,-1.0
19,0:19:00,0.0,-1.0
20,0:20:00,0.0,-1.0
21,0:21:00,0.0,-1.0
22,0:22:00,0.0,-1.0
23,0:23:00,0.0,-1.0
24,0:24:00,0.0,-1.0
25,0:25:00,0.0,-1.0
26,0:26:00,0.0,-1.0
27,0:27:00,0.0,-1.0
28,0:28:00,0.0,-1.0
29,0:29:00,0.0,-1.0
30,0:30:00,0.0,-1.0
31,0:31:00,0.0,-1.0
32,0:32:00,0.0,-1.0
33,0:33:00,0.0,-1.0
34,0:34:00,0.0,-1.0
35,0:35:00,0.0,-1.0
36,0:36:00,0.0,-1.0
37,0:37:00,0.0,-1.0
38,0:38:00,0.0,-1.0
39,0:39:00,0.0,-1.0
40,0:40:00,0.0,-1.0
41,0:41:00,0.0,-1.0
42,0:42:00,0.0,-1.0
43,0:43:00,0.0,-1.0
44,0:44:00,0.0,-1.0
45,0:45:00,0.0,-1.0
46,0:46:00,0.0,-1.0
47,0:47:00,0.0,-1.0
48,0:48:00,0.0,-1.0
49,0:49:00,0.0,-1.0
50,0:50:00,0.0,-1.0
51,0:51:00,0.0,-1.0
52,0:52:00,0.0,-1.0
53,0:53:00,0.0,-1.0
54,0:54:00,0.0,-1.0
55,0:55:00,0.0,-1.0
56,0:56:00,0.0,-1.0
57,0:57:00,0.0,-1.0
58,0:58:00,0.0,-1.0
59,0:59:00,0.0,-1.0
60,1:00:00,0.0,-1.0
61,1:01:00,0.0,-1.0
62,1:02:00,0.0,-1.0
63,1:03:00,0.0,-1.0
64,1:04:00,0.0,-1.0
65,1:05:00,0.0,-1.0
66,1:06:00,0.0,-1.0
67,1:07:00,0.0,-1.0
68,1:08:00,0.0,-1.0
69,1:09:00,0.0,-1.0
70,1:10:00,0.0,-1.0
71,1:11:00,0.0,-1.0
72,1:12:00,0.0,-1.0
73,1:13:00,0.0,-1.0
74,1:14:00,0.0,-1.0
75,1:15:00,0.0,-1.0
76,1:16:00,0.0,-1.0
77,1:17:00,0.0,-1.0
78,1:18:00,0.0,-1.0
79,1:19:00,0.0,-1.0
80,1:20:00,0.0,-1.0
81,1:21:00,0.0,-1.0
82,1:22:00,0.0,-1.0
83,1:23:00,0.0,-1.0
84,1:24:00,0.0,-1.0
85,1:25:00,0.0,-1.0
86,1:26:00,0.0,-1.0
87,1:27:00,0.0,-1.0
88,1:28:00,0.0,-1.0
89,1:29:00,0.0,-1.0
90,1:30:00,0.0,-1.0
91,1:31:00,0.0,-1.0
92,1:32:00,0.0,-1.0
93,1:33:00,0.0,-1.0
94,1:34:00,0.0,-1.0
95,1:35:00,0.0,-1.0
96,1:36:00,0.0,-1.0
97,1:37:00,0.0,-1.0
98,1:38:00,0.0,-1.0
99,1:39:00,0.0,-1.0
100,1:40:00,0.0,-1.0
101,1:41:00,0.0,-1.0
102,1:42:00,0.0,-1.0
103,1:43:00,0.0,-1.0
104,1:44:00,0.0,-1.0
105,1:45:00,0.0,-1.0
106,1:46:00,0.0,-1.0
107,1:47:00,0.0,-1.0
108,1:48:00,0.0,-1.0
109,1:49:00,0.0,-1.0
110,1:50:00,0.0,-1.0
111,1:51:00,0.0,-1.0
112,1:52:00,0.0,-1.0
113,1:53:00,0.0,-1.0
114,1:54:00,0.0,-1.0
115,1:55:00,0.0,-1.0
116,1:56:00,0.0,-1.0
117,1:57:00,0.0,-1.0
118,1:58:00,0.0,-1.0
119,1:59:00,0.0,-1.0
120,2:00:00,0.0,-1.0
121,2:01:00,0.0,-1.0
122,2:02:00,0.0,-1.0
123,2:03:00,0.0,-1.0
124,2:04:00,0.0,-1.0
125,2:05:00,0.0,-1.0
126,2:06:00,0.0,-1.0
127,2:07:00,0.0,-1.0
128,2:08:00,0.0,-1.0
129,2:09:00,0.0,-1.0
130,2:10:00,0.0,-1.0
131,2:11:00,0.0,-1.0
132,2:12:00,0.0,-1.0
133,2:13:00,0.0,-1.0
134,2:14:00,0.0,-1.0
135,2:15:00,0.0,-1.0
136,2:16:00,0.0,-1.0
137,2:17:00,0.0,-1.0
138,2:18:00,0.0,-1.0
139,2:19:00,0.0,-1.0
140,2:20:00,0.0,-1.0
141,2:21:00,0.0,-1.0
142,2:22:00,0.0,-1.0
143,2:23:00,0.0,-1.0
144,2:24:00,0.0,-1.0
145,2:25:00,0.0,-1.0
146,2:26:00,0.0,-1.0
147,2:27:00,0.0,-1.0
148,2:28:00,0.0,-1.0
149,2:29:00,0.0,-1.0
150,2:30:00,0.0,-1.0
151,2:31:00,0.0,-1.0
152,2:32:00,0.0,-1.0
153,2:33:00,0.0,-1.0
154,2:34:00,0.0,-1.0
155,2:35:00,0.0,-1.0
156,2:36:00,0.0,-1.0
157,2:37:00,0.0,-1.0
158,2:38:00,0.0,-1.0
159,2:39:00,0.0,-1.0
160,2:40:00,0.0,-1.0
161,2:41:00,0.0,-1.0
162,2:42:00,0.0,-1.0
163,2:43:00,0.0,-1.0
164,2:44:00,0.0,-1.0
165,2:45:00,0.0,-1.0
166,2:46:00,0.0,-1.0
167,2:47:00,0.0,-1.0
168,2:48:00,0.0,-1.0
169,2:49:00,0.0,-1.0
170,2:50:00,0.0,-1.0
171,2:51:00,0.0,-1.0
172,2:52:00,0.0,-1.0
173,2:53:00,0.0,-1.0
174,2:54:00,0.0,-1.0
175,2:55:00,0.0,-1.0
176,2:56:00,0.0,-1.0
177,2:57:00,0.0,-1.0
178,2:58:00,0.0,-1.0
179,2:59:00,0.0,-1.0
180,3:00:00,0.0,-1.0
181,3:01:00,0.0,-1.0
182,3:02:00,0.0,-1.0
183,3:03:00,0.0,-1.0
184,3:04:00,0.0,-1.0
185,3:05:00,0.0,-1.0
186,3:06:00,0.0,-1.0
187,3:07:00,0.0,-1.0
188,3:08:00,0.0,-1.0
189,3:09:00,0.0,-1.0
190,3:10:00,0.0,-1.0
191,3:11:00,0.0,-1.0
192,3:12:00,0.0,-1.0
193,3:13:00,0.0,-1.0
194,3:14:00,0.0,-1.0
195,3:15:00,0.0,-1.0
196,3:16:00,0.0,-1.0
197,3:17:00,0.0,-1.0
198,3:18:00,0.0,-1.0
199,3:19:00,0.0,-1.0
200,3:20:00,0.0,-1.0
201,3:21:00,0.0,-1.0
202,3:22:00,0.0,-1.0
203,3:23:00,0.0,-1.0
204,3:24:00,0.0,-1.0
205,3:25:00,0.0,-1.0
206,3:26:00,0.0,-1.0
207,3:27:00,0.0,-1.0
208,3:28:00,0.0,-1.0
209,3:29:00,0.0,-1.0
210,3:30:00,0.0,-1.0
211,3:31:00,0.0,-1.0
212,3:32:00,0.0,-1.0
213,3:33:00,0.0,-1.0
214,3:34:00,0.0,-1.0
215,3:35:00,0.0,-1.0
216,3:36:00,0.0,-1.0
217,3:37:00,0.0,-1.0
218,3:38:00,0.0,-1.0
219,3:39:00,0.0,-1.0
220,3:40:00,0.0,-1.0
221,3:41:00,0.0,-1.0
222,3:42:00,0.0,-1.0
223,3:43:00,0.0,-1.0
224,3:44:00,0.0,-1.0
225,3:45:00,0.0,-1.0
226,3:46:00,0.0,-1.0
227,3:47:00,0.0,-1.0
228,3:48:00,0.0,-1.0
229,3:49:00,0.0,-1.0
230,3:50:00,0.0,-1.0
231,3:51:00,0.0,-1.0
232,3:52:00,0.0,-1.0
233,3:53:00,0.0,-1.0
234,3:54:00,0.0,-1.0
235,3:55:00,0.0,-1.0
236,3:56:00,0.0,-1.0
237,3:57:00,0.0,-1.0
238,3:58:00,0.0,-1.0
239,3:59:00,0.0,-1.0
240,4:00:00,0.0,-1.0
241,4:01:00,0.0,-1.0
242,4:02:00,0.0,-1.0
243,4:03:00,0.0,-1.0
244,4:04:00,0.0,-1.0
245,4:05:00,0.0,-1.0
246,4:06:00,0.0,-1.0
247,4:07:00,0.0,-1.0
248,4:08:00,0.0,-1.0
249,4:09:00,0.0,-1.0
250,4:10:00,0.0,-1.0
251,4:11:00,0.0,-1.0
252,4:12:00,0.0,-1.0
253,4:13:00,0.0,-1.0
254,4:14:00,0.0,-1.0
255,4:15:00,0.0,-1.0
256,4:16:00,0.0,-1.0
257,4:17:00,0.0,-1.0
258,4:18:00,0.0,-1.0
259,4:19:00,0.0,-1.0
260,4:20:00,0.0,-1.0
261,4:21:00,0.0,-1.0
262,4:22:00,0.0,-1.0
263,4:23:00,0.0,-1.0
264,4:24:00,0.0,-1.0
265,4:25:00,0.0,-1.0
266,4:26:00,0.0,-1.0
267,4:27:00,0.0,-1.0
268,4:28:00,0.0,-1.0
269,4:29:00,0.0,-1.0
270,4:30:00,0.0,-1.0
271,4:31:00,0.0,-1.0
272,4:32:00,0.0,-1.0
273,4:33:00,0.0,-1.0
274,4:34:00,0.0,-1.0
275,4:35:00,0.0,-1.0
276,4:36:00,0.0,-1.0
277,4:37:00,0.0,-1.0
278,4:38:00,0.0,-1.0
279,4:39:00,0.0,-1.0
280,4:40:00,0.0,-1.0
281,4:41:00,0.0,-1.0
282,4:42:00,0.0,-1.0
283,4:43:00,0.0,-1.0
284,4:44:00,0.0,-1.0
285,4:45:00,0.0,-1.0
286,4:46:00,0.0,-1.0
287,4:47:00,0.0,-1.0
288,4:48:00,0.0,-1.0
289,4:49:00,0.0,-1.0
290,4:50:00,0.0,-1.0
291,4:51:00,0.0,-1.0
292,4:52:00,0.0,-1.0
293,4:53:00,0.0,-1.0
294,4:54:00,0.0,-1.0
295,4:55:00,0.0,-1.0
296,4:56:00,0.0,-1.0
297,4:57:00,0.0,-1.0
298,4:58:00,0.0,-1.0
299,4:59:00,0.0,-1.0
300,5:00:00,0.0,-1.0
301,5:01:00,0.0,-1.0
302,5:02:00,0.0,-1.0
303,5:03:00,0.0,-1.0
304,5:04:00,0.0,-1.0
305,5:05:00,0.0,-1.0
306,5:06:00,0.0,-1.0
307,5:07:00,0.0,-1.0
308,5:08:00,0.0,-1.0
309,5:09:00,0.0,-1.0
310,5:10:00,0.0,-1.0
311,5:11:00,0.0,-1.0
312,5:12:00,0.0,-1.0
313,5:13:00,0.0,-1.0
314,5:14:00,0.0,-1.0
315,5:15:00,0.0,-1.0
316,5:16:00,0.0,-1.0
317,5:17:00,0.0,-1.0
318,5:18:00,0.0,-1.0
319,5:19:00,0.0,-1.0
320,5:20:00,0.0,-1.0
321,5:21:00,0.0,-1.0
322,5:22:00,0.0,-1.0
323,5:23:00,0.0,-1.0
324,5:24:00,0.0,-1.0
325,5:25:00,0.0,-1.0
326,5:26:00,0.0,-1.0
327,5:27:00,0.0,-1.0
328,5:28:00,0.0,-1.0
329,5:29:00,0.0,-1.0
330,5:30:00,0.0,-1.0
331,5:31:00,0.0,-1.0
332,5:32:00,0.0,-1.0
333,5:33:00,0.0,-1.0
334,5:34:00,0.0,-1.0
335,5:35:00,0.0,-1.0
336,5:36:00,0.0,-1.0
337,5:37:00,0.0,-1.0
338,5:38:00,0.0,-1.0
339,5:39:00,0.0,-1.0
340,5:40:00,0.0,-1.0
341,5:41:00,0.0,-1.0
342,5:42:00,0.0,-1.0
343,5:43:00,0.0,-1.0
344,5:44:00,0.0,-1.0
345,5:45:00,0.0,-1.0
346,5:46:00,0.0,-1.0
347,5:47:00,0.0,-1.0
348,5:48:00,0.0,-1.0
349,5:49:00,0.0,-1.0
350,5:50:00,0.0,-1.0
351,5:51:00,0.0,-1.0
352,5:52:00,0.0,-1.0
353,5:53:00,0.0,-1.0
354,5:54:00,0.0,-1.0
355,5:55:00,0.0,-1.0
356,5:56:00,0.0,-1.0
357,5:57:00,0.0,-1.0
358,5:58:00,0.0,-1.0
359,5:59:00,0.0,-1.0
360,6:00:00,0.0,-1.0
361,6:01:00,0.0,-1.0
362,6:02:00,0.0,-1.0
363,6:03:00,0.0,-1.0
364,6:04:00,0.0,-1.0
365,6:05:00,0.0,-1.0
366,6:06:00,0.0,-1.0
367,6:07:00,0.0,-1.0
368,6:08:00,0.0,-1.0
369,6:09:00,0.0,-1.0
370,6:10:00,0.0,-1.0
371,6:11:00,0.0,-1.0
372,6:12:00,0.0,-1.0
373,6:13:00,0.0,-1.0
374,6:14:00,0.0,-1.0
375,6:15:00,0.0,-1.0
376,6:16:00,0.0,-1.0
377,6:17:00,0.0,-1.0
378,6:18:00,0.0,-1.0
379,6:19:00,0.0,-1.0
380,6:20:00,0.0,-1.0
381,6:21:00,0.0,-1.0
382,6:22:00,0.0,-1.0
383,6:23:00,0.0,-1.0
384,6:24:00,0.0,-1.0
385,6:25:00,0.0,-1.0
386,6:26:00,0.0,-1.0
387,6:27:00,0.0,-1.0
388,6:28:00,0.0,-1.0
389,6:29:00,0.0,-1.0
390,6:30:00,0.0,-1.0
391,6:31:00,0.0,-1.0
392,6:32:00,0.0,-1.0
393,6:33:00,0.0,-1.0
394,6:34:00,0.0,-1.0
395,6:35:00,0.0,-1.0
396,6:36:00,0.0,-1.0
397,6:37:00,0.0,-1.0
398,6:38:00,0.0,-1.0
399,6:39:00,0.0,-1.0
400,6:40:00,0.0,-1.0
401,6:41:00,0.0,-1.0
402,6:42:00,0.0,-1.0
403,6:43:00,0.0,-1.0
404,6:44:00,0.0,-1.0
405,6:45:00,0.0,-1.0
406,6:46:00,0.0,-1.0
407,6:47:00,0.0,-1.0
408,6:48:00,0.0,-1.0
409,6:49:00,0.0,-1.0
410,6:50:00,0.0,-1.0
411,6:51:00,0.0,-1.0
412,6:52:00,0.0,-1.0
413,6:53:00,0.0,-1.0
414,6:54:00,0.0,-1.0
415,6:55:00,0.0,-1.0
416,6:56:00,0.0,-1.0
417,6:57:00,0.0,-1.0
418,6:58:00,0.0,-1.0
419,6:59:00,0.0,-1.0
420,7:00:00,0.0,-1.0
421,7:01:00,0.0,-1.0
422,7:02:00,0.0,-1.0
423,7:03:00,0.0,-1.0
424,7:04:00,0.0,-1.0
425,7:05:00,0.0,-1.0
426,7:06:00,0.0,-1.0
427,7:07:00,0.0,-1.0
428,7:08:00,0.0,-1.0
429,7:09:00,0.0,-1.0
430,7:10:00,0.0,-1.0
431,7:11:00,0.0,-1.0
432,7:12:00,0.0,-1.0
433,7:13:00,0.0,-1.0
434,7:14:00,0.0,-1.0
435,7:15:00,0.0,-1.0
436,7:16:00,0.0,-1.0
437,7:17:00,0.0,-1.0
438,7:18:00,0.0,-1.0
439,7:19:00,0.0,-1.0
440,7:20:00,0.0,-1.0
441,7:21:00,0.0,-1.0
442,7:22:00,0.0,-1.0
443,7:23:00,0.0,-1.0
444,7:24:00,0.0,-1.0
445,7:25:00,0.0,-1.0
446,7:26:00,0.0,-1.0
447,7:27:00,0.0,-1.0
448,7:28:00,0.0,-1.0
449,7:29:00,0.0,-1.0
450,7:30:00,0.0,-1.0
451,7:31:00,0.0,-1.0
452,7:32:00,0.0,-1.0
453,7:33:00,0.0,-1.0
454,7:34:00,0.0,-1.0
455,7:35:00,0.0,-1.0
456,7:36:00,0.0,-1.0
457,7:37:00,0.0,-1.0
458,7:38:00,0.0,-1.0
459,7:39:00,0.0,-1.0
460,7:40:00,0.0,-1.0
461,7:41:00,0.0,-1.0
462,7:42:00,0.0,-1.0
463,7:43:00,0.0,-1.0
464,7:44:00,0.0,-1.0
465,7:45:00,0.0,-1.0
466,7:46:00,0.0,-1.0
467,7:47:00,0.0,-1.0
468,7:48:00,0.0,-1.0
469,7:49:00,0.0,-1.0
470,7:50:00,0.0,-1.0
471,7:51:00,0.0,-1.0
472,7:52:00,0.0,-1.0
473,7:53:00,0.0,-1.0
474,7:54:00,0.0,-1.0
475,7:55:00,0.0,-1.0
476,7:56:00,0.0,-1.0
477,7:57:00,0.0,-1.0
478,7:58:00,0.0,-1.0
479,7:59:00,0.0,-1.0
480,8:00:00,0.0,-1.0
481,8:01:00,0.0,-1.0
482,8:02:00,0.0,-1.0
483,8:03:00,0.0,-1.0
484,8:04:00,0.0,-1.0
485,8:05:00,0.0,-1.0
486,8:06:00,0.0,-1.0
487,8:07:00,0.0,-1.0
488,8:08:00,0.0,-1.0
489,8:09:00,0.0,-1.0
490,8:10:00,0.0,-1.0
491,8:11:00,0.0,-1.0
492,8:12:00,0.0,-1.0
493,8:13:00,0.0,-1.0
494,8:14:00,0.0,-1.0
495,8:15:00,0.0,-1.0
496,8:16:00,0.0,-1.0
497,8:17:00,0.0,-1.0
498,8:18:00,0.0,-1.0
499,8:19:00,0.0,-1.0
500,8:20:00,0.0,-1.0
501,8:21:00,0.0,-1.0
502,8:22:00,0.0,-1.0
503,8:23:00,0.0,-1.0
504,8:24:00,0.0,-1.0
505,8:25:00,0.0,-1.0
506,8:26:00,0.0,-1.0
507,8:27:00,0.0,-1.0
508,8:28:00,0.0,-1.0
509,8:29:00,0.0,-1.0
510,8:30:00,0.0,-1.0
511,8:31:00,0.0,-1.0
512,8:32:00,0.0,-1.0
513,8:33:00,0.0,-1.0
514,8:34:00,0.0,-1.0
515,8:35:00,0.0,-1.0
516,8:36:00,0.0,-1.0
517,8:37:00,0.0,-1.0
518,8:38:00,0.0,-1.0
519,8:39:00,0.0,-1.0
520,8:40:00,0.0,-1.0
521,8:41:00,0.0,-1.0
522,8:42:00,0.0,-1.0
523,8:43:00,0.0,-1.0
524,8:44:00,0.0,-1.0
525,8:45:00,0.0,-1.0
526,8:46:00,0.0,-1.0
527,8:47:00,0.0,-1.0
528,8:48:00,0.0,-1.0
529,8:49:00,0.0,-1.0
530,8:50:00,0.0,-1.0
531,8:51:00,0.0,-1.0
532,8:52:00,0.0,-1.0
533,8:53:00,0.0,-1.0
534,8:54:00,0.0,-1.0
535,8:55:00,0.0,-1.0
536,8:56:00,0.0,-1.0
537,8:57:00,0.0,-1.0
538,8:58:00,0.0,-1.0
539,8:59:00,0.0,-1.0
540,9:00:00,0.0,-1.0
541,9:01:00,0.0,-1.0
542,9:02:00,0.0,-1.0
543,9:03:00,0.0,-1.0
544,9:04:00,0.0,-1.0
545,9:05:00,0.0,-1.0
546,9:06:00,0.0,-1.0
547,9:07:00,0.0,-1.0
548,9:08:00,0.0,-1.0
549,9:09:00,0.0,-1.0
550,9:10:00,0.0,-1.0
551,9:11:00,0.0,-1.0
552,9:12:00,0.0,-1.0
553,9:13:00,0.0,-1.0
554,9:14:00,0.0,-1.0
555,9:15:00,0.0,-1.0
556,9:16:00,0.0,-1.0
557,9:17:00,0.0,-1.0
558,9:18:00,0.0,-1.0
559,9:19:00,0.0,-1.0
560,9:20:00,0.0,-1.0
561,9:21:00,0.0,-1.0
562,9:22:00,0.0,-1.0
563,9:23:00,0.0,-1.0
564,9:24:00,0.0,-1.0
565,9:25:00,0.0,-1.0
566,9:26:00,0.0,-1.0
567,9:27:00,0.0,-1.0
568,9:28:00,0.0,-1.0
569,9:29:00,0.0,-1.0
570,9:30:00,0.0,-1.0
571,9:31:00,0.0,-1.0
572,9:32:00,0.0,-1.0
573,9:33:00,0.0,-1.0
574,9:34:00,0.0,-1.0
575,9:35:00,0.0,-1.0
576,9:36:00,0.0,-1.0
577,9:37:00,0.0,-1.0
578,9:38:00,0.0,-1.0
579,9:39:00,0.0,-1.0
580,9:40:00,0.0,-1.0
581,9:41:00,0.0,-1.0
582,9:42:00,0.0,-1.0
583,9:43:00,0.0,-1.0
584,9:44:00,0.0,-1.0
585,9:45:00,0.0,-1.0
586,9:46:00,0.0,-1.0
587,9:47:00,0.0,-1.0
588,9:48:00,0.0,-1.0
589,9:49:00,0.0,-1.0
590,9:50:00,0.0,-1.0
591,9:51:00,0.0,-1.0
592,9:52:00,0.0,-1.0
593,9:53:00,0.0,-1.0
594,9:54:00,0.0,-1.0
595,9:55:00,0.0,-1.0
596,9:56:00,0.0,-1.0
597,9:57:00,0.0,-1.0
598,9:58:00,0.0,-1.0
599,9:59:00,0.0,-1.0
600,10:00:00,0.0,-1.0
601,10:01:00,0.0,-1.0
602,10:02:00,0.0,-1.0
603,10:03:00,0.0,-1.0
604,10:04:00,0.0,-1.0
605,10:05:00,0.0,-1.0
606,10:06:00,0.0,-1.0
607,10:07:00,0.0,-1.0
608,10:08:00,0.0,-1.0
609,10:09:00,0.0,-1.0
610,10:10:00,0.0,-1.0
611,10:11:00,0.0,-1.0
612,10:12:00,0.0,-1.0
613,10:13:00,0.0,-1.0
614,10:14:00,0.0,-1.0
615,10:15:00,0.0,-1.0
616,10:16:00,0.0,-1.0
617,10:17:00,0.0,-1.0
618,10:18:00,0.0,-1.0
619,10:19:00,0.0,-1.0
620,10:20:00,0.0,-1.0
621,10:21:00,0.0,-1.0
622,10:22:00,0.0,-1.0
623,10:23:00,0.0,-1.0
624,10:24:00,0.0,-1.0
625,10:25:00,0.0,-1.0
626,10:26:00,0.0,-1.0
627,10:27:00,0.0,-1.0
628,10:28:00,0.0,-1.0
629,10:29:00,0.0,-1.0
630,10:30:00,0.0,-1.0
631,10:31:00,0.0,-1.0
632,10:32:00,0.0,-1.0
633,10:33:00,3.6,3.0
634,10:34:00,1.4,1.0
635,10:35:00,1.0,1.0
636,10:36:00,1.0,1.0
637,10:37:00,1.0,1.0
638,10:38:00,1.0,1.0
639,10:39:00,1.0,1.0
640,10:40:00,1.0,1.0
641,10:41:00,1.0,1.0
642,10:42:00,1.0,1.0
643,10:43:00,1.0,1.0
644,10:44:00,1.0,1.0
645,10:45:00,1.0,1.0
646,10:46:00,1.0,1.0
647,10:47:00,1.0,1.0
648,10:48:00,1.0,1.0
649,10:49:00,1.0,1.0
650,10:50:00,1.0,1.0
651,10:51:00,2.4,2.0
652,10:52:00,2.4,2.0
653,10:53:00,3.2,3.0
654,10:54:00,4.3,3.0
655,10:55:00,3.6,3.0
656,10:56:00,3.5,3.0
657,10:57:00,3.8,3.0
658,10:58:00,3.5,3.0
659,10:59:00,3.7,3.0
660,11:00:00,2.8,2.0
661,11:01:00,2.6,2.0
662,11:02:00,3.2,3.0
663,11:03:00,2.7,2.0
664,11:04:00,6.5,3.0
665,11:05:00,6.1,3.0
666,11:06:00,4.3,3.0
667,11:07:00,2.4,2.0
668,11:08:00,2.0,2.0
669,11:09:00,2.3,2.0
670,11:10:00,2.3,2.0
671,11:11:00,2.1,2.0
672,11:12:00,2.5,2.0
673,11:13:00,1.9,2.0
674,11:14:00,2.6,2.0
675,11:15:00,2.5,2.0
676,11:16:00,2.3,2.0
677,11:17:00,3.1,3.0
678,11:18:00,3.1,3.0
679,11:19:00,3.6,3.0
680,11:20:00,3.3,3.0
681,11:21:00,3.5,3.0
682,11:22:00,1.7,2.0
683,11:23:00,1.0,0.0
684,11:24:00,2.6,2.0
685,11:25:00,3.2,3.0
686,11:26:00,3.9,3.0
687,11:27:00,3.3,3.0
688,11:28:00,3.8,3.0
689,11:29:00,3.4,3.0
690,11:30:00,3.1,3.0
691,11:31:00,3.2,3.0
692,11:32:00,2.0,2.0
693,11:33:00,2.4,2.0
694,11:34:00,4.3,3.0
695,11:35:00,2.5,2.0
696,11:36:00,3.4,3.0
697,11:37:00,5.5,3.0
698,11:38:00,5.4,3.0
699,11:39:00,4.3,3.0
700,11:40:00,5.3,3.0
701,11:41:00,3.6,3.0
702,11:42:00,3.5,3.0
703,11:43:00,2.6,2.0
704,11:44:00,5.3,3.0
705,11:45:00,1.9,2.0
706,11:46:00,2.8,2.0
707,11:47:00,4.3,3.0
708,11:48:00,3.8,3.0
709,11:49:00,2.5,2.0
710,11:50:00,2.6,2.0
711,11:51:00,4.3,3.0
712,11:52:00,2.3,2.0
713,11:53:00,1.8,2.0
714,11:54:00,2.4,2.0
715,11:55:00,3.0,3.0
716,11:56:00,4.0,3.0
717,11:57:00,4.6,3.0
718,11:58:00,2.6,2.0
719,11:59:00,2.8,2.0
720,12:00:00,2.9,2.0
721,12:01:00,4.0,3.0
722,12:02:00,3.6,3.0
723,12:03:00,3.7,3.0
724,12:04:00,3.8,3.0
725,12:05:00,4.0,3.0
726,12:06:00,2.7,2.0
727,12:07:00,2.9,2.0
728,12:08:00,2.8,2.0
729,12:09:00,3.1,3.0
730,12:10:00,2.8,2.0
731,12:11:00,3.3,3.0
732,12:12:00,3.5,3.0
733,12:13:00,2.4,2.0
734,12:14:00,1.0,0.0
735,12:15:00,2.4,2.0
736,12:16:00,2.1,2.0
737,12:17:00,2.8,2.0
738,12:18:00,2.3,2.0
739,12:19:00,2.2,2.0
740,12:20:00,1.7,2.0
741,12:21:00,2.2,2.0
742,12:22:00,2.3,2.0
743,12:23:00,2.5,2.0
744,12:24:00,2.6,2.0
745,12:25:00,2.3,2.0
746,12:26:00,2.5,2.0
747,12:27:00,2.1,2.0
748,12:28:00,2.8,2.0
749,12:29:00,2.2,2.0
750,12:30:00,2.5,2.0
751,12:31:00,2.8,2.0
752,12:32:00,2.1,2.0
753,12:33:00,2.4,2.0
754,12:34:00,2.4,2.0
755,12:35:00,2.4,2.0
756,12:36:00,2.7,2.0
757,12:37:00,2.3,2.0
758,12:38:00,2.5,2.0
759,12:39:00,2.3,2.0
760,12:40:00,2.7,2.0
761,12:41:00,2.2,2.0
762,12:42:00,1.6,2.0
763,12:43:00,1.2,0.0
764,12:44:00,1.8,2.0
765,12:45:00,2.2,2.0
766,12:46:00,2.1,2.0
767,12:47:00,2.3,2.0
768,12:48:00,2.8,2.0
769,12:49:00,2.6,2.0
770,12:50:00,2.5,2.0
771,12:51:00,2.4,2.0
772,12:52:00,2.3,2.0
773,12:53:00,2.5,2.0
774,12:54:00,2.8,2.0
775,12:55:00,2.7,2.0
776,12:56:00,2.3,2.0
777,12:57:00,2.0,2.0
778,12:58:00,3.0,3.0
779,12:59:00,2.6,2.0
780,13:00:00,2.9,2.0
781,13:01:00,2.9,2.0
782,13:02:00,3.1,3.0
783,13:03:00,1.9,2.0
784,13:04:00,2.3,2.0
785,13:05:00,2.0,2.0
786,13:06:00,2.1,2.0
787,13:07:00,1.4,0.0
788,13:08:00,1.9,2.0
789,13:09:00,1.7,2.0
790,13:10:00,1.9,2.0
791,13:11:00,1.3,0.0
792,13:12:00,1.8,2.0
793,13:13:00,2.3,2.0
794,13:14:00,1.9,2.0
795,13:15:00,3.3,3.0
796,13:16:00,2.5,2.0
797,13:17:00,2.5,2.0
798,13:18:00,2.8,2.0
799,13:19:00,2.6,2.0
800,13:20:00,2.7,2.0
801,13:21:00,2.7,2.0
802,13:22:00,2.7,2.0
803,13:23:00,2.1,2.0
804,13:24:00,2.4,2.0
805,13:25:00,2.5,2.0
806,13:26:00,1.9,2.0
807,13:27:00,2.8,2.0
808,13:28:00,2.3,2.0
809,13:29:00,2.5,2.0
810,13:30:00,1.4,0.0
811,13:31:00,2.4,2.0
812,13:32:00,2.2,2.0
813,13:33:00,2.5,2.0
814,13:34:00,3.0,3.0
815,13:35:00,2.2,2.0
816,13:36:00,2.3,2.0
817,13:37:00,2.7,2.0
818,13:38:00,2.0,2.0
819,13:39:00,1.0,1.0
820,13:40:00,1.0,1.0
821,13:41:00,2.1,2.0
822,13:42:00,2.1,2.0
823,13:43:00,2.4,2.0
824,13:44:00,2.9,2.0
825,13:45:00,2.5,2.0
826,13:46:00,2.4,2.0
827,13:47:00,2.7,2.0
828,13:48:00,2.2,2.0
829,13:49:00,2.0,2.0
830,13:50:00,2.4,2.0
831,13:51:00,2.8,2.0
832,13:52:00,2.2,2.0
833,13:53:00,1.4,0.0
834,13:54:00,2.7,2.0
835,13:55:00,3.3,3.0
836,13:56:00,2.7,2.0
837,13:57:00,1.8,2.0
838,13:58:00,1.2,0.0
839,13:59:00,1.7,2.0
840,14:00:00,2.6,2.0
841,14:01:00,3.4,3.0
842,14:02:00,2.9,2.0
843,14:03:00,2.5,2.0
844,14:04:00,2.3,2.0
845,14:05:00,2.8,2.0
846,14:06:00,3.0,3.0
847,14:07:00,1.3,0.0
848,14:08:00,2.9,2.0
849,14:09:00,2.6,2.0
850,14:10:00,2.3,2.0
851,14:11:00,2.7,2.0
852,14:12:00,2.7,2.0
853,14:13:00,2.9,2.0
854,14:14:00,2.6,2.0
855,14:15:00,2.9,2.0
856,14:16:00,3.2,3.0
857,14:17:00,1.3,0.0
858,14:18:00,2.6,2.0
859,14:19:00,3.6,3.0
860,14:20:00,3.0,3.0
861,14:21:00,3.0,3.0
862,14:22:00,3.5,3.0
863,14:23:00,3.1,3.0
864,14:24:00,1.9,2.0
865,14:25:00,2.8,2.0
866,14:26:00,3.5,3.0
867,14:27:00,3.4,3.0
868,14:28:00,3.0,3.0
869,14:29:00,2.6,2.0
870,14:30:00,3.2,3.0
871,14:31:00,3.6,3.0
872,14:32:00,3.2,3.0
873,14:33:00,3.0,3.0
874,14:34:00,3.5,3.0
875,14:35:00,3.6,3.0
876,14:36:00,2.3,2.0
877,14:37:00,3.1,3.0
878,14:38:00,2.9,2.0
879,14:39:00,2.3,2.0
880,14:40:00,2.3,2.0
881,14:41:00,2.6,2.0
882,14:42:00,2.3,2.0
883,14:43:00,3.4,3.0
884,14:44:00,2.4,2.0
885,14:45:00,1.9,2.0
886,14:46:00,1.4,0.0
887,14:47:00,1.8,2.0
888,14:48:00,2.2,2.0
889,14:49:00,1.5,0.0
890,14:50:00,2.4,2.0
891,14:51:00,1.9,2.0
892,14:52:00,1.0,1.0
893,14:53:00,1.5,1.0
894,14:54:00,1.0,1.0
895,14:55:00,1.0,1.0
896,14:56:00,1.2,1.0
897,14:57:00,1.7,2.0
898,14:58:00,1.8,2.0
899,14:59:00,2.1,2.0
900,15:00:00,2.5,2.0
901,15:01:00,1.0,1.0
902,15:02:00,1.1,1.0
903,15:03:00,1.1,1.0
904,15:04:00,1.4,1.0
905,15:05:00,1.2,1.0
906,15:06:00,1.2,1.0
907,15:07:00,1.0,1.0
908,15:08:00,1.1,1.0
909,15:09:00,1.2,1.0
910,15:10:00,1.0,1.0
911,15:11:00,1.1,1.0
912,15:12:00,1.0,1.0
913,15:13:00,1.6,2.0
914,15:14:00,2.2,2.0
915,15:15:00,2.2,2.0
916,15:16:00,1.1,1.0
917,15:17:00,1.4,1.0
918,15:18:00,2.3,2.0
919,15:19:00,3.5,3.0
920,15:20:00,3.1,3.0
921,15:21:00,3.5,3.0
922,15:22:00,3.6,3.0
923,15:23:00,2.8,2.0
924,15:24:00,3.1,3.0
925,15:25:00,3.1,3.0
926,15:26:00,3.3,3.0
927,15:27:00,2.0,2.0
928,15:28:00,1.0,1.0
929,15:29:00,1.0,1.0
930,15:30:00,1.0,1.0
931,15:31:00,1.0,1.0
932,15:32:00,1.0,1.0
933,15:33:00,2.7,2.0
934,15:34:00,2.3,2.0
935,15:35:00,2.3,2.0
936,15:36:00,1.2,1.0
937,15:37:00,1.0,1.0
938,15:38:00,1.0,1.0
939,15:39:00,1.0,1.0
940,15:40:00,2.1,1.0
941,15:41:00,1.0,1.0
942,15:42:00,1.0,1.0
943,15:43:00,1.0,1.0
944,15:44:00,1.0,1.0
945,15:45:00,1.0,1.0
946,15:46:00,1.0,1.0
947,15:47:00,1.0,1.0
948,15:48:00,1.0,1.0
949,15:49:00,1.6,2.0
950,15:50:00,2.5,2.0
951,15:51:00,2.0,2.0
952,15:52:00,1.1,1.0
953,15:53:00,1.0,1.0
954,15:54:00,1.3,1.0
955,15:55:00,1.5,1.0
956,15:56:00,1.7,1.0
957,15:57:00,1.3,1.0
958,15:58:00,1.3,1.0
959,15:59:00,1.0,1.0
960,16:00:00,1.0,1.0
961,16:01:00,1.0,1.0
962,16:02:00,1.0,1.0
963,16:03:00,1.0,1.0
964,16:04:00,1.0,1.0
965,16:05:00,1.0,1.0
966,16:06:00,1.0,1.0
967,16:07:00,1.0,1.0
968,16:08:00,1.0,1.0
969,16:09:00,1.1,1.0
970,16:10:00,1.0,1.0
971,16:11:00,1.0,1.0
972,16:12:00,1.0,1.0
973,16:13:00,1.0,1.0
974,16:14:00,1.1,1.0
975,16:15:00,1.0,1.0
976,16:16:00,1.0,1.0
977,16:17:00,1.0,1.0
978,16:18:00,1.3,1.0
979,16:19:00,1.0,1.0
980,16:20:00,1.0,1.0
981,16:21:00,1.0,1.0
982,16:22:00,1.0,1.0
983,16:23:00,2.1,2.0
984,16:24:00,2.0,2.0
985,16:25:00,1.0,0.0
986,16:26:00,2.0,2.0
987,16:27:00,2.3,2.0
988,16:28:00,1.0,1.0
989,16:29:00,1.0,1.0
990,16:30:00,1.0,1.0
991,16:31:00,1.0,1.0
992,16:32:00,1.0,1.0
993,16:33:00,1.0,1.0
994,16:34:00,1.0,1.0
995,16:35:00,1.0,1.0
996,16:36:00,1.0,1.0
997,16:37:00,1.0,1.0
998,16:38:00,1.0,1.0
999,16:39:00,1.0,1.0
1000,16:40:00,1.0,1.0
1001,16:41:00,1.0,1.0
1002,16:42:00,1.0,1.0
1003,16:43:00,1.0,1.0
1004,16:44:00,1.0,1.0
1005,16:45:00,1.0,1.0
1006,16:46:00,1.0,1.0
1007,16:47:00,2.3,2.0
1008,16:48:00,2.9,2.0
1009,16:49:00,4.3,3.0
1010,16:50:00,5.0,3.0
1011,16:51:00,4.3,3.0
1012,16:52:00,4.9,3.0
1013,16:53:00,5.3,3.0
1014,16:54:00,3.4,3.0
1015,16:55:00,1.8,2.0
1016,16:56:00,2.0,2.0
1017,16:57:00,1.7,2.0
1018,16:58:00,2.0,2.0
1019,16:59:00,1.7,2.0
1020,17:00:00,2.3,2.0
1021,17:01:00,2.1,2.0
1022,17:02:00,2.0,2.0
1023,17:03:00,1.3,0.0
1024,17:04:00,1.8,2.0
1025,17:05:00,3.0,3.0
1026,17:06:00,3.6,3.0
1027,17:07:00,2.7,2.0
1028,17:08:00,2.9,2.0
1029,17:09:00,3.1,3.0
1030,17:10:00,3.7,3.0
1031,17:11:00,3.9,3.0
1032,17:12:00,4.2,3.0
1033,17:13:00,3.3,3.0
1034,17:14:00,2.2,2.0
1035,17:15:00,2.1,2.0
1036,17:16:00,2.1,2.0
1037,17:17:00,1.7,2.0
1038,17:18:00,4.5,3.0
1039,17:19:00,2.3,2.0
1040,17:20:00,1.1,1.0
1041,17:21:00,1.1,1.0
1042,17:22:00,1.9,2.0
1043,17:23:00,2.0,2.0
1044,17:24:00,1.0,0.0
1045,17:25:00,2.0,2.0
1046,17:26:00,1.0,1.0
1047,17:27:00,1.0,1.0
1048,17:28:00,1.2,1.0
1049,17:29:00,1.2,1.0
1050,17:30:00,1.0,1.0
1051,17:31:00,1.0,1.0
1052,17:32:00,1.0,1.0
1053,17:33:00,1.0,1.0
1054,17:34:00,1.2,1.0
1055,17:35:00,1.0,1.0
1056,17:36:00,1.0,1.0
1057,17:37:00,1.0,1.0
1058,17:38:00,1.0,1.0
1059,17:39:00,1.0,1.0
1060,17:40:00,1.0,1.0
1061,17:41:00,1.0,1.0
1062,17:42:00,1.0,1.0
1063,17:43:00,1.4,1.0
1064,17:44:00,1.0,1.0
1065,17:45:00,1.2,1.0
1066,17:46:00,1.0,1.0
1067,17:47:00,1.0,1.0
1068,17:48:00,1.5,1.0
1069,17:49:00,1.1,1.0
1070,17:50:00,1.1,1.0
1071,17:51:00,1.0,1.0
1072,17:52:00,1.0,1.0
1073,17:53:00,1.0,1.0
1074,17:54:00,1.0,1.0
1075,17:55:00,2.1,2.0
1076,17:56:00,2.2,2.0
1077,17:57:00,2.4,2.0
1078,17:58:00,1.2,0.0
1079,17:59:00,1.6,2.0
1080,18:00:00,1.1,1.0
1081,18:01:00,1.1,1.0
1082,18:02:00,1.0,1.0
1083,18:03:00,1.3,1.0
1084,18:04:00,1.1,1.0
1085,18:05:00,1.0,1.0
1086,18:06:00,1.1,1.0
1087,18:07:00,1.1,1.0
1088,18:08:00,1.1,1.0
1089,18:09:00,1.0,1.0
1090,18:10:00,1.2,1.0
1091,18:11:00,1.2,1.0
1092,18:12:00,1.1,1.0
1093,18:13:00,1.1,1.0
1094,18:14:00,1.6,2.0
1095,18:15:00,2.2,2.0
1096,18:16:00,1.3,1.0
1097,18:17:00,1.2,1.0
1098,18:18:00,1.4,1.0
1099,18:19:00,1.3,1.0
1100,18:20:00,1.4,1.0
1101,18:21:00,2.4,1.0
1102,18:22:00,1.5,1.0
1103,18:23:00,1.5,1.0
1104,18:24:00,1.1,1.0
1105,18:25:00,1.3,1.0
1106,18:26:00,1.3,1.0
1107,18:27:00,1.4,1.0
1108,18:28:00,1.4,1.0
1109,18:29:00,1.1,1.0
1110,18:30:00,1.5,1.0
1111,18:31:00,1.6,1.0
1112,18:32:00,1.2,1.0
1113,18:33:00,1.2,1.0
1114,18:34:00,1.5,1.0
1115,18:35:00,2.3,2.0
1116,18:36:00,2.2,2.0
1117,18:37:00,2.8,2.0
1118,18:38:00,1.8,2.0
1119,18:39:00,3.2,3.0
1120,18:40:00,1.2,1.0
1121,18:41:00,1.1,1.0
1122,18:42:00,1.8,1.0
1123,18:43:00,1.5,1.0
1124,18:44:00,1.4,1.0
1125,18:45:00,1.3,1.0
1126,18:46:00,1.1,1.0
1127,18:47:00,1.1,1.0
1128,18:48:00,1.2,1.0
1129,18:49:00,1.2,1.0
1130,18:50:00,1.2,1.0
1131,18:51:00,1.2,1.0
1132,18:52:00,1.4,1.0
1133,18:53:00,1.1,1.0
1134,18:54:00,1.2,1.0
1135,18:55:00,2.0,2.0
1136,18:56:00,1.9,2.0
1137,18:57:00,1.8,2.0
1138,18:58:00,1.2,0.0
1139,18:59:00,1.9,2.0
1140,19:00:00,1.8,2.0
1141,19:01:00,1.2,1.0
1142,19:02:00,1.3,1.0
1143,19:03:00,2.1,2.0
1144,19:04:00,1.8,2.0
1145,19:05:00,1.8,2.0
1146,19:06:00,1.5,0.0
1147,19:07:00,1.6,2.0
1148,19:08:00,1.6,2.0
1149,19:09:00,1.2,1.0
1150,19:10:00,1.4,1.0
1151,19:11:00,1.2,1.0
1152,19:12:00,1.2,1.0
1153,19:13:00,2.3,2.0
1154,19:14:00,2.6,2.0
1155,19:15:00,1.9,2.0
1156,19:16:00,2.2,2.0
1157,19:17:00,1.3,0.0
1158,19:18:00,3.9,3.0
1159,19:19:00,1.9,2.0
1160,19:20:00,1.9,2.0
1161,19:21:00,1.9,2.0
1162,19:22:00,1.2,1.0
1163,19:23:00,1.1,1.0
1164,19:24:00,1.0,1.0
1165,19:25:00,1.0,1.0
1166,19:26:00,1.7,1.0
1167,19:27:00,1.2,1.0
1168,19:28:00,1.0,1.0
1169,19:29:00,1.1,1.0
1170,19:30:00,1.0,1.0
1171,19:31:00,1.2,1.0
1172,19:32:00,1.1,1.0
1173,19:33:00,1.4,1.0
1174,19:34:00,1.1,1.0
1175,19:35:00,1.1,1.0
1176,19:36:00,1.5,1.0
1177,19:37:00,1.3,1.0
1178,19:38:00,1.3,1.0
1179,19:39:00,2.0,1.0
1180,19:40:00,1.3,1.0
1181,19:41:00,1.2,1.0
1182,19:42:00,1.1,1.0
1183,19:43:00,1.0,1.0
1184,19:44:00,1.0,1.0
1185,19:45:00,1.0,1.0
1186,19:46:00,1.0,1.0
1187,19:47:00,1.0,1.0
1188,19:48:00,1.0,1.0
1189,19:49:00,1.0,1.0
1190,19:50:00,1.0,1.0
1191,19:51:00,1.0,1.0
1192,19:52:00,1.1,1.0
1193,19:53:00,0.0,-1.0
1194,19:54:00,0.0,-1.0
1195,19:55:00,0.0,-1.0
1196,19:56:00,0.0,-1.0
1197,19:57:00,0.0,-1.0
1198,19:58:00,0.0,-1.0
1199,19:59:00,0.0,-1.0
1200,20:00:00,0.0,-1.0
1201,20:01:00,0.0,-1.0
1202,20:02:00,0.0,-1.0
1203,20:03:00,0.0,-1.0
1204,20:04:00,0.0,-1.0
1205,20:05:00,0.0,-1.0
1206,20:06:00,0.0,-1.0
1207,20:07:00,0.0,-1.0
1208,20:08:00,0.0,-1.0
1209,20:09:00,0.0,-1.0
1210,20:10:00,0.0,-1.0
1211,20:11:00,0.0,-1.0
1212,20:12:00,0.0,-1.0
1213,20:13:00,0.0,-1.0
1214,20:14:00,0.0,-1.0
1215,20:15:00,0.0,-1.0
1216,20:16:00,0.0,-1.0
1217,20:17:00,0.0,-1.0
1218,20:18:00,0.0,-1.0
1219,20:19:00,0.0,-1.0
1220,20:20:00,0.0,-1.0
1221,20:21:00,0.0,-1.0
1222,20:22:00,0.0,-1.0
1223,20:23:00,0.0,-1.0
1224,20:24:00,0.0,-1.0
1225,20:25:00,0.0,-1.0
1226,20:26:00,0.0,-1.0
1227,20:27:00,0.0,-1.0
1228,20:28:00,0.0,-1.0
1229,20:29:00,0.0,-1.0
1230,20:30:00,0.0,-1.0
1231,20:31:00,0.0,-1.0
1232,20:32:00,0.0,-1.0
1233,20:33:00,0.0,-1.0
1234,20:34:00,0.0,-1.0
1235,20:35:00,0.0,-1.0
1236,20:36:00,0.0,-1.0
1237,20:37:00,0.0,-1.0
1238,20:38:00,0.0,-1.0
1239,20:39:00,0.0,-1.0
1240,20:40:00,0.0,-1.0
1241,20:41:00,0.0,-1.0
1242,20:42:00,0.0,-1.0
1243,20:43:00,0.0,-1.0
1244,20:44:00,0.0,-1.0
1245,20:45:00,0.0,-1.0
1246,20:46:00,0.0,-1.0
1247,20:47:00,0.0,-1.0
1248,20:48:00,0.0,-1.0
1249,20:49:00,0.0,-1.0
1250,20:50:00,0.0,-1.0
1251,20:51:00,0.0,-1.0
1252,20:52:00,0.0,-1.0
1253,20:53:00,0.0,-1.0
1254,20:54:00,0.0,-1.0
1255,20:55:00,0.0,-1.0
1256,20:56:00,0.0,-1.0
1257,20:57:00,0.0,-1.0
1258,20:58:00,0.0,-1.0
1259,20:59:00,0.0,-1.0
1260,21:00:00,0.0,-1.0
1261,21:01:00,0.0,-1.0
1262,21:02:00,0.0,-1.0
1263,21:03:00,0.0,-1.0
1264,21:04:00,0.0,-1.0
1265,21:05:00,0.0,-1.0
1266,21:06:00,0.0,-1.0
1267,21:07:00,0.0,-1.0
1268,21:08:00,0.0,-1.0
1269,21:09:00,0.0,-1.0
1270,21:10:00,0.0,-1.0
1271,21:11:00,0.0,-1.0
1272,21:12:00,0.0,-1.0
1273,21:13:00,0.0,-1.0
1274,21:14:00,0.0,-1.0
1275,21:15:00,0.0,-1.0
1276,21:16:00,0.0,-1.0
1277,21:17:00,0.0,-1.0
1278,21:18:00,0.0,-1.0
1279,21:19:00,0.0,-1.0
1280,21:20:00,0.0,-1.0
1281,21:21:00,0.0,-1.0
1282,21:22:00,0.0,-1.0
1283,21:23:00,0.0,-1.0
1284,21:24:00,0.0,-1.0
1285,21:25:00,0.0,-1.0
1286,21:26:00,0.0,-1.0
1287,21:27:00,0.0,-1.0
1288,21:28:00,0.0,-1.0
1289,21:29:00,0.0,-1.0
1290,21:30:00,0.0,-1.0
1291,21:31:00,0.0,-1.0
1292,21:32:00,0.0,-1.0
1293,21:33:00,0.0,-1.0
1294,21:34:00,0.0,-1.0
1295,21:35:00,0.0,-1.0
1296,21:36:00,1.7,2.0
1297,21:37:00,2.7,2.0
1298,21:38:00,2.3,2.0
1299,21:39:00,2.2,2.0
1300,21:40:00,3.5,3.0
1301,21:41:00,4.2,3.0
1302,21:42:00,4.5,3.0
1303,21:43:00,4.4,3.0
1304,21:44:00,4.3,3.0
1305,21:45:00,3.8,3.0
1306,21:46:00,2.5,2.0
1307,21:47:00,2.7,2.0
1308,21:48:00,1.7,2.0
1309,21:49:00,1.7,2.0
1310,21:50:00,2.6,2.0
1311,21:51:00,2.4,2.0
1312,21:52:00,2.4,2.0
1313,21:53:00,2.5,2.0
1314,21:54:00,1.6,2.0
1315,21:55:00,1.6,2.0
1316,21:56:00,1.8,2.0
1317,21:57:00,2.9,2.0
1318,21:58:00,2.0,2.0
1319,21:59:00,1.8,2.0
1320,22:00:00,2.5,2.0
1321,22:01:00,4.2,3.0
1322,22:02:00,4.2,3.0
1323,22:03:00,4.4,3.0
1324,22:04:00,4.6,3.0
1325,22:05:00,4.5,3.0
1326,22:06:00,2.2,2.0
1327,22:07:00,2.3,2.0
1328,22:08:00,2.2,2.0
1329,22:09:00,2.4,2.0
1330,22:10:00,2.2,2.0
1331,22:11:00,2.2,2.0
1332,22:12:00,2.0,2.0
1333,22:13:00,2.2,2.0
1334,22:14:00,1.7,2.0
1335,22:15:00,1.7,2.0
1336,22:16:00,1.3,1.0
1337,22:17:00,1.1,1.0
1338,22:18:00,2.0,2.0
1339,22:19:00,1.5,0.0
1340,22:20:00,1.6,2.0
1341,22:21:00,1.7,2.0
1342,22:22:00,2.1,2.0
1343,22:23:00,1.6,2.0
1344,22:24:00,2.0,2.0
1345,22:25:00,1.8,2.0
1346,22:26:00,1.7,2.0
1347,22:27:00,1.8,2.0
1348,22:28:00,1.6,2.0
1349,22:29:00,1.4,0.0
1350,22:30:00,2.1,2.0
1351,22:31:00,1.8,2.0
1352,22:32:00,1.8,2.0
1353,22:33:00,2.1,2.0
1354,22:34:00,1.4,0.0
1355,22:35:00,1.6,2.0
1356,22:36:00,1.8,2.0
1357,22:37:00,1.9,2.0
1358,22:38:00,1.7,2.0
1359,22:39:00,1.2,1.0
1360,22:40:00,1.5,1.0
1361,22:41:00,1.9,2.0
1362,22:42:00,1.5,0.0
1363,22:43:00,2.2,2.0
1364,22:44:00,1.2,1.0
1365,22:45:00,1.0,1.0
1366,22:46:00,1.7,2.0
1367,22:47:00,2.0,2.0
1368,22:48:00,2.2,2.0
1369,22:49:00,2.3,2.0
1370,22:50:00,1.7,2.0
1371,22:51:00,1.5,0.0
1372,22:52:00,2.5,2.0
1373,22:53:00,1.0,1.0
1374,22:54:00,1.2,1.0
1375,22:55:00,1.3,1.0
1376,22:56:00,1.3,1.0
1377,22:57:00,1.2,1.0
1378,22:58:00,1.3,1.0
1379,22:59:00,1.1,1.0
1380,23:00:00,1.4,1.0
1381,23:01:00,1.5,1.0
1382,23:02:00,1.0,1.0
1383,23:03:00,1.1,1.0
1384,23:04:00,1.4,1.0
1385,23:05:00,1.0,1.0
1386,23:06:00,1.0,1.0
1387,23:07:00,1.1,1.0
1388,23:08:00,1.1,1.0
1389,23:09:00,1.2,1.0
1390,23:10:00,1.8,2.0
1391,23:11:00,1.9,2.0
1392,23:12:00,1.1,1.0
1393,23:13:00,1.2,1.0
1394,23:14:00,1.4,1.0
1395,23:15:00,1.3,1.0
1396,23:16:00,1.0,1.0
1397,23:17:00,1.0,1.0
1398,23:18:00,1.2,1.0
1399,23:19:00,1.1,1.0
1400,23:20:00,1.4,1.0
1401,23:21:00,1.1,1.0
1402,23:22:00,1.0,1.0
1403,23:23:00,1.0,1.0
1404,23:24:00,1.0,1.0
1405,23:25:00,1.0,1.0
1406,23:26:00,1.0,1.0
1407,23:27:00,1.0,1.0
1408,23:28:00,1.0,1.0
1409,23:29:00,1.0,1.0
1410,23:30:00,1.0,1.0
1411,23:31:00,1.7,2.0
1412,23:32:00,2.1,2.0
1413,23:33:00,2.2,2.0
1414,23:34:00,1.7,2.0
1415,23:35:00,2.4,2.0
1416,23:36:00,2.6,2.0
1417,23:37:00,2.2,2.0
1418,23:38:00,1.6,2.0
1419,23:39:00,1.9,2.0
1420,23:40:00,2.0,2.0
1421,23:41:00,2.4,2.0
1422,23:42:00,2.2,2.0
1423,23:43:00,1.4,0.0
1424,23:44:00,1.8,2.0
1425,23:45:00,1.6,2.0
1426,23:46:00,1.5,0.0
1427,23:47:00,1.7,2.0
1428,23:48:00,0.0,-1.0
1429,23:49:00,0.0,-1.0
1430,23:50:00,0.0,-1.0
1431,23:51:00,0.0,-1.0
1432,23:52:00,0.0,-1.0
1433,23:53:00,0.0,-1.0
1434,23:54:00,0.0,-1.0
1435,23:55:00,0.0,-1.0
1436,23:56:00,0.0,-1.0
1437,23:57:00,0.0,-1.0
1438,23:58:00,0.0,-1.0
1439,23:59:00,0.0,-1.0
