minute,time,class_mean_mets,class_sd_mets,n
0,00:00:00,1.3,0,1
1,00:01:00,10.3,0,1
2,00:02:00,4.9,0,1
3,00:03:00,5.2,0,1
4,00:04:00,5.9,0,1
5,00:05:00,3.6,0,1
6,00:06:00,5.9,0,1
7,00:07:00,5.5,0,1
8,00:08:00,7.5,0,1
9,00:09:00,5.3,0,1
10,00:10:00,6.0,0,1
11,00:11:00,5.5,0,1
12,00:12:00,3.6,0,1
13,00:13:00,1.3,0,1
14,00:14:00,4.3,0,1
15,00:15:00,2.0,0,1
16,00:16:00,7.3,0,1
17,00:17:00,6.3,0,1
18,00:18:00,6.1,0,1
19,00:19:00,9.5,0,1
20,00:20:00,1.7,0,1
21,00:21:00,4.5,0,1
22,00:22:00,2.0,0,1
23,00:23:00,5.9,0,1
24,00:24:00,5.9,0,1
25,00:25:00,2.6,0,1
26,00:26:00,2.4,0,1
27,00:27:00,2.7,0,1
28,00:28:00,2.2,0,1
29,00:29:00,1.5,0,1
30,00:30:00,1.0,0,1
31,00:31:00,1.9,0,1
32,00:32:00,2.4,0,1
33,00:33:00,2.6,0,1
34,00:34:00,3.9,0,1
35,00:35:00,2.2,0,1
36,00:36:00,3.9,0,1
37,00:37:00,2.6,0,1
38,00:38:00,2.0,0,1
39,00:39:00,1.6,0,1
40,00:40:00,,,0
41,00:41:00,,,0
42,00:42:00,,,0
43,00:43:00,,,0
44,00:44:00,,,0
45,00:45:00,,,0
46,00:46:00,,,0
47,00:47:00,,,0
48,00:48:00,,,0
49,00:49:00,,,0
50,00:50:00,,,0
51,00:51:00,,,0
52,00:52:00,,,0
53,00:53:00,,,0
54,00:54:00,,,0
55,00:55:00,,,0
56,00:56:00,,,0
57,00:57:00,,,0
58,00:58:00,,,0
59,00:59:00,,,0
60,01:00:00,,,0
61,01:01:00,,,0
62,01:02:00,,,0
63,01:03:00,,,0
64,01:04:00,,,0
65,01:05:00,,,0
66,01:06:00,,,0
67,01:07:00,,,0
68,01:08:00,,,0
69,01:09:00,,,0
70,01:10:00,,,0
71,01:11:00,,,0
72,01:12:00,,,0
73,01:13:00,,,0
74,01:14:00,,,0
75,01:15:00,,,0
76,01:16:00,,,0
77,01:17:00,,,0
78,01:18:00,,,0
79,01:19:00,,,0
80,01:20:00,,,0
81,01:21:00,,,0
82,01:22:00,,,0
83,01:23:00,,,0
84,01:24:00,,,0
85,01:25:00,,,0
86,01:26:00,,,0
87,01:27:00,,,0
88,01:28:00,,,0
89,01:29:00,,,0
90,01:30:00,,,0
91,01:31:00,,,0
92,01:32:00,,,0
93,01:33:00,,,0
94,01:34:00,,,0
95,01:35:00,,,0
96,01:36:00,,,0
97,01:37:00,,,0
98,01:38:00,,,0
99,01:39:00,,,0
100,01:40:00,,,0
101,01:41:00,,,0
102,01:42:00,,,0
103,01:43:00,,,0
104,01:44:00,,,0
105,01:45:00,,,0
106,01:46:00,,,0
107,01:47:00,,,0
108,01:48:00,,,0
109,01:49:00,,,0
110,01:50:00,,,0
111,01:51:00,,,0
112,01:52:00,,,0
113,01:53:00,,,0
114,01:54:00,,,0
115,01:55:00,,,0
116,01:56:00,,,0
117,01:57:00,,,0
118,01:58:00,,,0
119,01:59:00,,,0
120,02:00:00,,,0
121,02:01:00,,,0
122,02:02:00,,,0
123,02:03:00,,,0
124,02:04:00,,,0
125,02:05:00,,,0
126,02:06:00,,,0
127,02:07:00,,,0
128,02:08:00,,,0
129,02:09:00,,,0
130,02:10:00,,,0
131,02:11:00,,,0
132,02:12:00,,,0
133,02:13:00,,,0
134,02:14:00,,,0
135,02:15:00,,,0
136,02:16:00,,,0
137,02:17:00,,,0
138,02:18:00,,,0
139,02:19:00,,,0
140,02:20:00,,,0
141,02:21:00,,,0
142,02:22:00,,,0
143,02:23:00,,,0
144,02:24:00,,,0
145,02:25:00,,,0
146,02:26:00,,,0
147,02:27:00,,,0
148,02:28:00,,,0
149,02:29:00,,,0
150,02:30:00,,,0
151,02:31:00,,,0
152,02:32:00,,,0
153,02:33:00,,,0
154,02:34:00,,,0
155,02:35:00,,,0
156,02:36:00,,,0
157,02:37:00,,,0
158,02:38:00,,,0
159,02:39:00,,,0
160,02:40:00,,,0
161,02:41:00,,,0
162,02:42:00,,,0
163,02:43:00,,,0
164,02:44:00,,,0
165,02:45:00,,,0
166,02:46:00,,,0
167,02:47:00,,,0
168,02:48:00,,,0
169,02:49:00,,,0
170,02:50:00,,,0
171,02:51:00,,,0
172,02:52:00,,,0
173,02:53:00,,,0
174,02:54:00,,,0
175,02:55:00,,,0
176,02:56:00,,,0
177,02:57:00,,,0
178,02:58:00,,,0
179,02:59:00,,,0
180,03:00:00,,,0
181,03:01:00,,,0
182,03:02:00,,,0
183,03:03:00,,,0
184,03:04:00,,,0
185,03:05:00,,,0
186,03:06:00,,,0
187,03:07:00,,,0
188,03:08:00,,,0
189,03:09:00,,,0
190,03:10:00,,,0
191,03:11:00,,,0
192,03:12:00,,,0
193,03:13:00,,,0
194,03:14:00,,,0
195,03:15:00,,,0
196,03:16:00,,,0
197,03:17:00,,,0
198,03:18:00,,,0
199,03:19:00,,,0
200,03:20:00,,,0
201,03:21:00,,,0
202,03:22:00,,,0
203,03:23:00,,,0
204,03:24:00,,,0
205,03:25:00,,,0
206,03:26:00,,,0
207,03:27:00,,,0
208,03:28:00,,,0
209,03:29:00,,,0
210,03:30:00,,,0
211,03:31:00,,,0
212,03:32:00,,,0
213,03:33:00,,,0
214,03:34:00,,,0
215,03:35:00,,,0
216,03:36:00,,,0
217,03:37:00,,,0
218,03:38:00,,,0
219,03:39:00,,,0
220,03:40:00,,,0
221,03:41:00,,,0
222,03:42:00,,,0
223,03:43:00,,,0
224,03:44:00,,,0
225,03:45:00,,,0
226,03:46:00,,,0
227,03:47:00,,,0
228,03:48:00,,,0
229,03:49:00,,,0
230,03:50:00,,,0
231,03:51:00,,,0
232,03:52:00,,,0
233,03:53:00,,,0
234,03:54:00,,,0
235,03:55:00,,,0
236,03:56:00,,,0
237,03:57:00,,,0
238,03:58:00,,,0
239,03:59:00,,,0
240,04:00:00,,,0
241,04:01:00,,,0
242,04:02:00,,,0
243,04:03:00,,,0
244,04:04:00,,,0
245,04:05:00,,,0
246,04:06:00,,,0
247,04:07:00,,,0
248,04:08:00,,,0
249,04:09:00,,,0
250,04:10:00,,,0
251,04:11:00,,,0
252,04:12:00,,,0
253,04:13:00,,,0
254,04:14:00,,,0
255,04:15:00,,,0
256,04:16:00,,,0
257,04:17:00,,,0
258,04:18:00,,,0
259,04:19:00,,,0
260,04:20:00,,,0
261,04:21:00,,,0
262,04:22:00,,,0
263,04:23:00,,,0
264,04:24:00,,,0
265,04:25:00,,,0
266,04:26:00,,,0
267,04:27:00,,,0
268,04:28:00,,,0
269,04:29:00,,,0
270,04:30:00,,,0
271,04:31:00,,,0
272,04:32:00,,,0
273,04:33:00,,,0
274,04:34:00,,,0
275,04:35:00,,,0
276,04:36:00,,,0
277,04:37:00,,,0
278,04:38:00,,,0
279,04:39:00,,,0
280,04:40:00,,,0
281,04:41:00,,,0
282,04:42:00,,,0
283,04:43:00,,,0
284,04:44:00,,,0
285,04:45:00,,,0
286,04:46:00,,,0
287,04:47:00,,,0
288,04:48:00,,,0
289,04:49:00,,,0
290,04:50:00,,,0
291,04:51:00,,,0
292,04:52:00,,,0
293,04:53:00,,,0
294,04:54:00,,,0
295,04:55:00,,,0
296,04:56:00,,,0
297,04:57:00,,,0
298,04:58:00,,,0
299,04:59:00,,,0
300,05:00:00,,,0
301,05:01:00,,,0
302,05:02:00,,,0
303,05:03:00,,,0
304,05:04:00,,,0
305,05:05:00,,,0
306,05:06:00,,,0
307,05:07:00,,,0
308,05:08:00,,,0
309,05:09:00,,,0
310,05:10:00,,,0
311,05:11:00,,,0
312,05:12:00,,,0
313,05:13:00,,,0
314,05:14:00,,,0
315,05:15:00,,,0
316,05:16:00,,,0
317,05:17:00,,,0
318,05:18:00,,,0
319,05:19:00,,,0
320,05:20:00,,,0
321,05:21:00,,,0
322,05:22:00,,,0
323,05:23:00,,,0
324,05:24:00,,,0
325,05:25:00,,,0
326,05:26:00,,,0
327,05:27:00,,,0
328,05:28:00,,,0
329,05:29:00,,,0
330,05:30:00,,,0
331,05:31:00,,,0
332,05:32:00,,,0
333,05:33:00,,,0
334,05:34:00,,,0
335,05:35:00,,,0
336,05:36:00,,,0
337,05:37:00,,,0
338,05:38:00,,,0
339,05:39:00,,,0
340,05:40:00,,,0
341,05:41:00,,,0
342,05:42:00,,,0
343,05:43:00,,,0
344,05:44:00,,,0
345,05:45:00,,,0
346,05:46:00,,,0
347,05:47:00,,,0
348,05:48:00,,,0
349,05:49:00,,,0
350,05:50:00,,,0
351,05:51:00,,,0
352,05:52:00,,,0
353,05:53:00,,,0
354,05:54:00,,,0
355,05:55:00,,,0
356,05:56:00,,,0
357,05:57:00,,,0
358,05:58:00,,,0
359,05:59:00,,,0
360,06:00:00,,,0
361,06:01:00,,,0
362,06:02:00,,,0
363,06:03:00,,,0
364,06:04:00,,,0
365,06:05:00,,,0
366,06:06:00,,,0
367,06:07:00,,,0
368,06:08:00,,,0
369,06:09:00,,,0
370,06:10:00,,,0
371,06:11:00,,,0
372,06:12:00,,,0
373,06:13:00,,,0
374,06:14:00,,,0
375,06:15:00,,,0
376,06:16:00,,,0
377,06:17:00,,,0
378,06:18:00,,,0
379,06:19:00,,,0
380,06:20:00,,,0
381,06:21:00,,,0
382,06:22:00,,,0
383,06:23:00,,,0
384,06:24:00,,,0
385,06:25:00,,,0
386,06:26:00,,,0
387,06:27:00,,,0
388,06:28:00,,,0
389,06:29:00,,,0
390,06:30:00,,,0
391,06:31:00,,,0
392,06:32:00,,,0
393,06:33:00,,,0
394,06:34:00,,,0
395,06:35:00,,,0
396,06:36:00,,,0
397,06:37:00,,,0
398,06:38:00,,,0
399,06:39:00,,,0
400,06:40:00,,,0
401,06:41:00,,,0
402,06:42:00,,,0
403,06:43:00,,,0
404,06:44:00,,,0
405,06:45:00,,,0
406,06:46:00,,,0
407,06:47:00,,,0
408,06:48:00,,,0
409,06:49:00,,,0
410,06:50:00,,,0
411,06:51:00,,,0
412,06:52:00,,,0
413,06:53:00,,,0
414,06:54:00,,,0
415,06:55:00,,,0
416,06:56:00,,,0
417,06:57:00,,,0
418,06:58:00,,,0
419,06:59:00,,,0
420,07:00:00,,,0
421,07:01:00,,,0
422,07:02:00,,,0
423,07:03:00,,,0
424,07:04:00,,,0
425,07:05:00,,,0
426,07:06:00,,,0
427,07:07:00,,,0
428,07:08:00,,,0
429,07:09:00,,,0
430,07:10:00,,,0
431,07:11:00,,,0
432,07:12:00,,,0
433,07:13:00,,,0
434,07:14:00,,,0
435,07:15:00,,,0
436,07:16:00,,,0
437,07:17:00,,,0
438,07:18:00,,,0
439,07:19:00,,,0
440,07:20:00,,,0
441,07:21:00,,,0
442,07:22:00,,,0
443,07:23:00,,,0
444,07:24:00,,,0
445,07:25:00,,,0
446,07:26:00,,,0
447,07:27:00,,,0
448,07:28:00,,,0
449,07:29:00,,,0
450,07:30:00,,,0
451,07:31:00,,,0
452,07:32:00,,,0
453,07:33:00,,,0
454,07:34:00,,,0
455,07:35:00,,,0
456,07:36:00,,,0
457,07:37:00,,,0
458,07:38:00,,,0
459,07:39:00,,,0
460,07:40:00,,,0
461,07:41:00,,,0
462,07:42:00,,,0
463,07:43:00,,,0
464,07:44:00,,,0
465,07:45:00,,,0
466,07:46:00,,,0
467,07:47:00,,,0
468,07:48:00,,,0
469,07:49:00,,,0
470,07:50:00,,,0
471,07:51:00,,,0
472,07:52:00,,,0
473,07:53:00,,,0
474,07:54:00,,,0
475,07:55:00,,,0
476,07:56:00,,,0
477,07:57:00,,,0
478,07:58:00,,,0
479,07:59:00,,,0
480,08:00:00,,,0
481,08:01:00,,,0
482,08:02:00,,,0
483,08:03:00,,,0
484,08:04:00,,,0
485,08:05:00,,,0
486,08:06:00,,,0
487,08:07:00,,,0
488,08:08:00,,,0
489,08:09:00,,,0
490,08:10:00,,,0
491,08:11:00,,,0
492,08:12:00,,,0
493,08:13:00,,,0
494,08:14:00,,,0
495,08:15:00,,,0
496,08:16:00,,,0
497,08:17:00,,,0
498,08:18:00,,,0
499,08:19:00,,,0
500,08:20:00,,,0
501,08:21:00,,,0
502,08:22:00,,,0
503,08:23:00,,,0
504,08:24:00,,,0
505,08:25:00,,,0
506,08:26:00,,,0
507,08:27:00,,,0
508,08:28:00,,,0
509,08:29:00,,,0
510,08:30:00,,,0
511,08:31:00,,,0
512,08:32:00,,,0
513,08:33:00,,,0
514,08:34:00,,,0
515,08:35:00,,,0
516,08:36:00,,,0
517,08:37:00,,,0
518,08:38:00,,,0
519,08:39:00,,,0
520,08:40:00,,,0
521,08:41:00,,,0
522,08:42:00,,,0
523,08:43:00,,,0
524,08:44:00,,,0
525,08:45:00,,,0
526,08:46:00,,,0
527,08:47:00,,,0
528,08:48:00,,,0
529,08:49:00,,,0
530,08:50:00,,,0
531,08:51:00,,,0
532,08:52:00,,,0
533,08:53:00,2.4,0,1
534,08:54:00,1.7,0,1
535,08:55:00,2.9,0,1
536,08:56:00,2.6,0,1
537,08:57:00,3.1,0,1
538,08:58:00,3.2,0,1
539,08:59:00,2.3,0,1
540,09:00:00,3.2,0,1
541,09:01:00,4.6,0,1
542,09:02:00,4.8,0,1
543,09:03:00,3.5,0,1
544,09:04:00,1.5,0,1
545,09:05:00,1.5,0,1
546,09:06:00,1.0,0,1
547,09:07:00,1.0,0,1
548,09:08:00,1.0,0,1
549,09:09:00,1.0,0,1
550,09:10:00,1.0,0,1
551,09:11:00,1.0,0,1
552,09:12:00,1.0,0,1
553,09:13:00,1.0,0,1
554,09:14:00,1.0,0,1
555,09:15:00,1.0,0,1
556,09:16:00,1.0,0,1
557,09:17:00,1.0,0,1
558,09:18:00,1.0,0,1
559,09:19:00,1.0,0,1
560,09:20:00,1.0,0,1
561,09:21:00,1.1,0,1
562,09:22:00,1.0,0,1
563,09:23:00,1.0,0,1
564,09:24:00,1.0,0,1
565,09:25:00,1.0,0,1
566,09:26:00,1.0,0,1
567,09:27:00,1.1,0,1
568,09:28:00,1.0,0,1
569,09:29:00,1.0,0,1
570,09:30:00,1.0,0,1
571,09:31:00,1.0,0,1
572,09:32:00,1.0,0,1
573,09:33:00,1.0,0,1
574,09:34:00,1.0,0,1
575,09:35:00,1.0,0,1
576,09:36:00,1.0,0,1
577,09:37:00,1.2,0,1
578,09:38:00,1.0,0,1
579,09:39:00,1.0,0,1
580,09:40:00,1.0,0,1
581,09:41:00,1.0,0,1
582,09:42:00,1.0,0,1
583,09:43:00,1.0,0,1
584,09:44:00,1.0,0,1
585,09:45:00,1.0,0,1
586,09:46:00,1.0,0,1
587,09:47:00,1.0,0,1
588,09:48:00,1.0,0,1
589,09:49:00,1.0,0,1
590,09:50:00,1.0,0,1
591,09:51:00,1.2,0,1
592,09:52:00,1.4,0,1
593,09:53:00,1.7,0,1
594,09:54:00,1.5,0,1
595,09:55:00,1.4,0,1
596,09:56:00,1.7,0,1
597,09:57:00,1.6,0,1
598,09:58:00,2.0,0,1
599,09:59:00,1.7,0,1
600,10:00:00,1.2,0,1
601,10:01:00,1.0,0,1
602,10:02:00,1.0,0,1
603,10:03:00,1.1,0,1
604,10:04:00,1.4,0,1
605,10:05:00,1.5,0,1
606,10:06:00,1.3,0,1
607,10:07:00,1.4,0.141,2
608,10:08:00,1.8,0.566,2
609,10:09:00,2.2,0.99,2
610,10:10:00,1.75,0.495,2
611,10:11:00,1.45,0.212,2
612,10:12:00,1.7,0.707,2
613,10:13:00,1.567,0.416,3
614,10:14:00,1.1,0.1,3
615,10:15:00,1.067,0.115,3
616,10:16:00,1.333,0.493,3
617,10:17:00,1.333,0.306,3
618,10:18:00,1.6,0.794,3
619,10:19:00,1.5,0.624,3
620,10:20:00,2.7,1.323,3
621,10:21:00,2.6,1.058,3
622,10:22:00,2.633,1.305,3
623,10:23:00,3.1,1.873,3
624,10:24:00,2.75,1.767,4
625,10:25:00,2.8,1.806,4
626,10:26:00,2.15,1.353,4
627,10:27:00,2.5,2.358,4
628,10:28:00,2.325,2.451,4
629,10:29:00,2.1,1.871,4
630,10:30:00,1.375,0.75,4
631,10:31:00,1.1,0.115,4
632,10:32:00,1.1,0.141,4
633,10:33:00,2.02,1.268,5
634,10:34:00,1.8,1.198,5
635,10:35:00,1.18,0.268,5
636,10:36:00,1.6,0.784,5
637,10:37:00,2.0,1.164,5
638,10:38:00,2.52,3.343,5
639,10:39:00,2.54,3.222,5
640,10:40:00,1.16,0.23,5
641,10:41:00,1.7,1.4,5
642,10:42:00,1.68,1.359,5
643,10:43:00,1.68,1.169,5
644,10:44:00,1.72,1.083,5
645,10:45:00,2.02,2.225,5
646,10:46:00,1.86,1.868,5
647,10:47:00,1.46,0.78,5
648,10:48:00,1.56,0.844,5
649,10:49:00,1.44,0.78,5
650,10:50:00,1.8,1.158,5
651,10:51:00,2.2,1.102,5
652,10:52:00,2.12,1.126,5
653,10:53:00,2.32,1.307,5
654,10:54:00,2.76,1.516,5
655,10:55:00,2.58,1.375,5
656,10:56:00,2.58,1.301,5
657,10:57:00,2.4,1.387,5
658,10:58:00,2.54,1.45,5
659,10:59:00,2.78,1.542,5
660,11:00:00,2.94,2.332,5
661,11:01:00,2.6,2.089,5
662,11:02:00,2.2,1.219,5
663,11:03:00,2.14,1.159,5
664,11:04:00,2.86,2.136,5
665,11:05:00,2.58,1.987,5
666,11:06:00,2.86,1.203,5
667,11:07:00,2.62,1.337,5
668,11:08:00,2.3,0.819,5
669,11:09:00,2.42,1.043,5
670,11:10:00,2.96,1.787,5
671,11:11:00,2.12,1.099,5
672,11:12:00,1.88,1.047,5
673,11:13:00,1.9,0.682,5
674,11:14:00,1.68,0.698,5
675,11:15:00,2.16,1.159,5
676,11:16:00,2.02,0.965,5
677,11:17:00,2.46,1.176,5
678,11:18:00,2.16,1.172,5
679,11:19:00,2.18,1.394,5
680,11:20:00,2.2,1.155,5
681,11:21:00,2.9,1.783,5
682,11:22:00,1.48,0.545,5
683,11:23:00,1.95,1.17,4
684,11:24:00,2.625,1.271,4
685,11:25:00,2.45,1.066,4
686,11:26:00,3.05,1.981,4
687,11:27:00,2.6,1.481,4
688,11:28:00,3.125,1.417,4
689,11:29:00,3.25,1.567,4
690,11:30:00,3.3,1.543,4
691,11:31:00,2.925,1.325,4
692,11:32:00,2.75,1.555,4
693,11:33:00,2.8,1.278,4
694,11:34:00,3.225,1.537,4
695,11:35:00,2.62,1.434,5
696,11:36:00,2.38,1.188,5
697,11:37:00,2.9,2.13,5
698,11:38:00,2.64,1.813,5
699,11:39:00,2.48,1.375,5
700,11:40:00,2.74,1.667,5
701,11:41:00,2.22,0.978,5
702,11:42:00,2.271,1.059,7
703,11:43:00,2.1,0.746,7
704,11:44:00,2.186,1.476,7
705,11:45:00,1.771,0.72,7
706,11:46:00,1.871,0.858,7
707,11:47:00,2.286,1.452,7
708,11:48:00,2.386,1.46,7
709,11:49:00,1.714,0.626,7
710,11:50:00,1.814,0.738,7
711,11:51:00,2.029,1.148,7
712,11:52:00,1.7,0.557,7
713,11:53:00,1.986,0.875,7
714,11:54:00,1.886,0.903,7
715,11:55:00,1.9,0.874,7
716,11:56:00,2.014,1.174,7
717,11:57:00,2.343,1.426,7
718,11:58:00,2.5,1.904,7
719,11:59:00,2.667,2.191,6
720,12:00:00,1.967,0.989,6
721,12:01:00,2.133,1.1,6
722,12:02:00,1.75,1.099,6
723,12:03:00,2.06,1.292,5
724,12:04:00,2.38,1.692,5
725,12:05:00,2.32,1.236,5
726,12:06:00,1.88,0.76,5
727,12:07:00,2.14,0.796,5
728,12:08:00,2.48,0.893,5
729,12:09:00,2.36,1.05,5
730,12:10:00,2.36,0.913,5
731,12:11:00,2.58,0.991,5
732,12:12:00,2.383,1.148,6
733,12:13:00,2.233,1.063,6
734,12:14:00,1.833,1.169,6
735,12:15:00,2.033,0.963,6
736,12:16:00,2.171,1.069,7
737,12:17:00,2.357,0.993,7
738,12:18:00,1.986,0.734,7
739,12:19:00,1.714,0.93,7
740,12:20:00,2.075,0.916,8
741,12:21:00,1.8,0.862,8
742,12:22:00,1.787,0.811,8
743,12:23:00,1.425,0.568,8
744,12:24:00,1.614,0.628,7
745,12:25:00,1.557,0.608,7
746,12:26:00,1.65,0.653,6
747,12:27:00,1.7,0.537,6
748,12:28:00,1.667,0.677,6
749,12:29:00,1.6,0.424,6
750,12:30:00,1.55,0.539,6
751,12:31:00,1.55,0.644,6
752,12:32:00,1.4,0.4,6
753,12:33:00,1.283,0.56,6
754,12:34:00,1.433,0.539,6
755,12:35:00,1.617,0.909,6
756,12:36:00,1.35,0.669,6
757,12:37:00,1.6,0.566,6
758,12:38:00,1.8,0.883,6
759,12:39:00,1.6,0.639,6
760,12:40:00,1.883,1.003,6
761,12:41:00,2.033,1.084,6
762,12:42:00,1.517,0.854,6
763,12:43:00,1.8,1.362,6
764,12:44:00,1.967,1.521,6
765,12:45:00,2.117,1.505,6
766,12:46:00,2.233,1.359,6
767,12:47:00,2.367,1.236,6
768,12:48:00,2.367,1.388,6
769,12:49:00,2.783,1.017,6
770,12:50:00,2.567,1.015,6
771,12:51:00,2.333,0.787,6
772,12:52:00,2.5,0.678,6
773,12:53:00,2.2,0.603,6
774,12:54:00,2.283,0.733,6
775,12:55:00,2.4,0.81,6
776,12:56:00,2.333,0.894,6
777,12:57:00,2.367,1.111,6
778,12:58:00,2.317,0.886,6
779,12:59:00,1.817,0.728,6
780,13:00:00,2.45,0.625,6
781,13:01:00,2.133,0.689,6
782,13:02:00,2.083,0.752,6
783,13:03:00,1.767,0.489,6
784,13:04:00,1.5,0.46,6
785,13:05:00,1.433,0.432,6
786,13:06:00,1.417,0.479,6
787,13:07:00,1.367,0.378,6
788,13:08:00,1.683,0.668,6
789,13:09:00,1.7,0.74,6
790,13:10:00,1.567,0.561,6
791,13:11:00,1.45,0.432,6
792,13:12:00,1.583,0.392,6
793,13:13:00,2.017,0.799,6
794,13:14:00,2.3,1.351,6
795,13:15:00,2.767,1.025,6
796,13:16:00,2.45,1.048,6
797,13:17:00,2.167,1.148,6
798,13:18:00,1.667,0.689,6
799,13:19:00,1.567,0.547,6
800,13:20:00,1.567,0.638,6
801,13:21:00,1.617,0.627,6
802,13:22:00,1.767,0.628,6
803,13:23:00,1.517,0.376,6
804,13:24:00,1.75,0.485,6
805,13:25:00,2.15,1.129,6
806,13:26:00,1.783,0.924,6
807,13:27:00,1.817,0.733,6
808,13:28:00,1.35,0.521,6
809,13:29:00,1.417,0.615,6
810,13:30:00,1.617,0.449,6
811,13:31:00,1.417,0.538,6
812,13:32:00,1.35,0.481,6
813,13:33:00,1.45,0.554,6
814,13:34:00,1.583,0.741,6
815,13:35:00,1.867,0.948,6
816,13:36:00,2.133,1.071,6
817,13:37:00,2.283,1.224,6
818,13:38:00,2.217,1.25,6
819,13:39:00,1.8,1.126,6
820,13:40:00,1.767,1.189,6
821,13:41:00,1.8,0.914,6
822,13:42:00,1.75,0.887,6
823,13:43:00,2.15,1.166,6
824,13:44:00,1.867,1.015,6
825,13:45:00,1.417,0.615,6
826,13:46:00,1.45,0.55,6
827,13:47:00,1.45,0.672,6
828,13:48:00,1.617,0.605,6
829,13:49:00,1.617,0.835,6
830,13:50:00,1.533,0.575,6
831,13:51:00,1.733,0.609,6
832,13:52:00,1.267,0.472,6
833,13:53:00,1.133,0.207,6
834,13:54:00,1.383,0.655,6
835,13:55:00,1.533,0.878,6
836,13:56:00,1.35,0.672,6
837,13:57:00,1.3,0.297,6
838,13:58:00,1.1,0.126,6
839,13:59:00,1.2,0.276,6
840,14:00:00,1.417,0.611,6
841,14:01:00,1.65,0.88,6
842,14:02:00,1.383,0.752,6
843,14:03:00,1.383,0.595,6
844,14:04:00,1.46,0.55,5
845,14:05:00,1.48,0.766,5
846,14:06:00,1.76,0.963,5
847,14:07:00,1.6,0.903,5
848,14:08:00,2.12,1.337,5
849,14:09:00,1.92,0.983,5
850,14:10:00,1.74,0.929,5
851,14:11:00,1.78,1.083,5
852,14:12:00,1.68,0.931,5
853,14:13:00,1.74,1.014,5
854,14:14:00,1.72,0.947,5
855,14:15:00,1.54,0.835,5
856,14:16:00,1.52,0.947,5
857,14:17:00,1.54,1.048,5
858,14:18:00,1.62,0.769,5
859,14:19:00,2.04,1.379,5
860,14:20:00,1.98,1.277,5
861,14:21:00,2.0,1.263,5
862,14:22:00,2.05,1.337,6
863,14:23:00,1.95,1.331,6
864,14:24:00,1.667,1.102,6
865,14:25:00,1.583,0.835,6
866,14:26:00,1.8,1.14,6
867,14:27:00,1.65,0.995,6
868,14:28:00,1.5,0.837,6
869,14:29:00,1.55,0.599,6
870,14:30:00,1.617,0.952,6
871,14:31:00,1.717,1.025,6
872,14:32:00,1.7,0.899,6
873,14:33:00,1.75,0.838,6
874,14:34:00,1.85,1.147,6
875,14:35:00,1.75,1.025,6
876,14:36:00,1.5,0.559,6
877,14:37:00,1.667,0.965,6
878,14:38:00,1.833,0.969,6
879,14:39:00,1.3,0.529,6
880,14:40:00,1.25,0.521,6
881,14:41:00,1.3,0.642,6
882,14:42:00,1.633,0.878,6
883,14:43:00,1.833,1.118,6
884,14:44:00,1.75,1.003,6
885,14:45:00,1.467,0.437,6
886,14:46:00,1.45,0.497,6
887,14:47:00,1.45,0.521,6
888,14:48:00,1.433,0.568,6
889,14:49:00,1.267,0.455,6
890,14:50:00,1.467,0.723,6
891,14:51:00,1.383,0.615,6
892,14:52:00,1.383,0.662,6
893,14:53:00,1.267,0.408,6
894,14:54:00,1.467,0.907,6
895,14:55:00,1.333,0.816,6
896,14:56:00,1.6,0.777,6
897,14:57:00,1.967,0.866,6
898,14:58:00,2.117,0.799,6
899,14:59:00,2.15,0.718,6
900,15:00:00,1.617,0.578,6
901,15:01:00,1.567,0.723,6
902,15:02:00,1.8,0.762,6
903,15:03:00,1.717,0.556,6
904,15:04:00,2.25,0.867,6
905,15:05:00,2.1,1.053,6
906,15:06:00,1.8,0.603,6
907,15:07:00,1.667,0.543,6
908,15:08:00,1.683,1.013,6
909,15:09:00,1.65,0.666,6
910,15:10:00,1.833,0.794,6
911,15:11:00,1.7,0.888,6
912,15:12:00,1.433,0.575,6
913,15:13:00,1.533,0.692,6
914,15:14:00,1.733,0.742,6
915,15:15:00,1.45,0.586,6
916,15:16:00,1.317,0.402,6
917,15:17:00,1.383,0.76,6
918,15:18:00,1.567,0.739,6
919,15:19:00,1.817,0.975,6
920,15:20:00,1.733,0.894,6
921,15:21:00,1.833,1.125,6
922,15:22:00,1.783,1.078,6
923,15:23:00,1.533,0.776,6
924,15:24:00,1.45,0.831,6
925,15:25:00,1.5,0.844,6
926,15:26:00,1.55,0.946,6
927,15:27:00,1.417,0.538,6
928,15:28:00,1.25,0.481,6
929,15:29:00,1.283,0.523,6
930,15:30:00,1.1,0.167,6
931,15:31:00,1.133,0.216,6
932,15:32:00,1.167,0.242,6
933,15:33:00,1.717,0.598,6
934,15:34:00,1.617,0.794,6
935,15:35:00,2.083,1.065,6
936,15:36:00,2.017,1.272,6
937,15:37:00,2.183,1.481,6
938,15:38:00,2.1,1.6,6
939,15:39:00,1.983,1.539,6
940,15:40:00,2.217,1.402,6
941,15:41:00,1.983,1.427,6
942,15:42:00,1.8,1.068,6
943,15:43:00,1.85,0.903,6
944,15:44:00,1.867,1.009,6
945,15:45:00,1.85,0.812,6
946,15:46:00,1.467,0.372,6
947,15:47:00,1.5,0.713,6
948,15:48:00,1.417,0.454,6
949,15:49:00,1.533,0.197,6
950,15:50:00,1.75,0.505,6
951,15:51:00,1.8,0.86,6
952,15:52:00,1.533,0.446,6
953,15:53:00,1.417,0.454,6
954,15:54:00,1.55,0.378,6
955,15:55:00,1.667,0.314,6
956,15:56:00,2.083,0.915,6
957,15:57:00,1.683,0.808,6
958,15:58:00,1.667,0.662,6
959,15:59:00,1.95,0.797,6
960,16:00:00,2.317,1.102,6
961,16:01:00,1.4,0.443,6
962,16:02:00,1.75,1.184,6
963,16:03:00,1.8,1.265,6
964,16:04:00,1.9,1.263,6
965,16:05:00,1.7,0.976,6
966,16:06:00,1.483,0.546,6
967,16:07:00,1.35,0.389,6
968,16:08:00,1.333,0.294,6
969,16:09:00,1.517,0.471,6
970,16:10:00,1.5,0.544,6
971,16:11:00,1.483,0.757,6
972,16:12:00,1.55,0.669,6
973,16:13:00,1.8,0.923,6
974,16:14:00,1.65,0.619,6
975,16:15:00,1.571,0.607,7
976,16:16:00,1.843,0.873,7
977,16:17:00,1.843,0.759,7
978,16:18:00,1.957,0.896,7
979,16:19:00,1.771,0.736,7
980,16:20:00,1.786,0.843,7
981,16:21:00,1.743,0.6,7
982,16:22:00,1.614,0.62,7
983,16:23:00,1.557,0.574,7
984,16:24:00,1.886,0.398,7
985,16:25:00,1.771,0.556,7
986,16:26:00,1.857,0.486,7
987,16:27:00,2.1,0.379,7
988,16:28:00,2.229,0.974,7
989,16:29:00,2.043,1.156,7
990,16:30:00,1.714,0.515,7
991,16:31:00,1.6,0.603,7
992,16:32:00,1.557,0.472,7
993,16:33:00,2.086,1.017,7
994,16:34:00,1.829,0.675,7
995,16:35:00,1.829,0.77,7
996,16:36:00,1.857,1.094,7
997,16:37:00,2.214,1.242,7
998,16:38:00,2.329,1.416,7
999,16:39:00,1.971,1.22,7
1000,16:40:00,2.0,1.066,7
1001,16:41:00,1.957,0.757,7
1002,16:42:00,1.971,0.68,7
1003,16:43:00,1.857,0.5,7
1004,16:44:00,2.214,1.085,7
1005,16:45:00,2.357,1.176,7
1006,16:46:00,2.4,0.841,7
1007,16:47:00,2.486,0.609,7
1008,16:48:00,2.471,0.535,7
1009,16:49:00,2.7,0.854,7
1010,16:50:00,2.743,1.413,7
1011,16:51:00,2.457,1.097,7
1012,16:52:00,2.367,1.288,6
1013,16:53:00,2.317,1.517,6
1014,16:54:00,2.0,0.785,6
1015,16:55:00,1.967,0.388,6
1016,16:56:00,1.9,0.482,6
1017,16:57:00,1.833,0.489,6
1018,16:58:00,1.85,0.455,6
1019,16:59:00,2.05,0.683,6
1020,17:00:00,1.933,0.568,6
1021,17:01:00,1.717,0.519,6
1022,17:02:00,1.883,0.643,6
1023,17:03:00,1.8,0.718,6
1024,17:04:00,1.917,0.768,6
1025,17:05:00,2.117,0.88,6
1026,17:06:00,2.133,0.993,6
1027,17:07:00,1.817,0.725,6
1028,17:08:00,1.767,0.734,6
1029,17:09:00,2.067,0.75,6
1030,17:10:00,2.233,0.799,6
1031,17:11:00,2.533,0.812,6
1032,17:12:00,2.45,0.948,6
1033,17:13:00,2.183,0.679,6
1034,17:14:00,1.95,0.251,6
1035,17:15:00,2.45,0.774,6
1036,17:16:00,1.817,0.527,6
1037,17:17:00,1.933,0.356,6
1038,17:18:00,2.15,1.19,6
1039,17:19:00,1.783,0.549,6
1040,17:20:00,1.7,0.642,6
1041,17:21:00,1.917,0.875,6
1042,17:22:00,1.933,0.589,6
1043,17:23:00,1.95,0.657,6
1044,17:24:00,1.7,0.562,6
1045,17:25:00,2.033,0.819,6
1046,17:26:00,1.95,0.85,6
1047,17:27:00,1.833,0.862,6
1048,17:28:00,1.533,0.301,6
1049,17:29:00,1.567,0.455,6
1050,17:30:00,1.517,0.426,6
1051,17:31:00,1.383,0.337,6
1052,17:32:00,1.783,0.956,6
1053,17:33:00,1.583,0.492,6
1054,17:34:00,1.733,0.505,6
1055,17:35:00,1.983,0.835,6
1056,17:36:00,1.95,0.726,6
1057,17:37:00,1.683,0.682,6
1058,17:38:00,1.483,0.682,6
1059,17:39:00,1.533,0.484,6
1060,17:40:00,2.067,1.268,6
1061,17:41:00,2.233,1.443,6
1062,17:42:00,2.317,1.347,6
1063,17:43:00,2.167,1.481,6
1064,17:44:00,2.3,1.506,6
1065,17:45:00,2.383,1.426,6
1066,17:46:00,2.217,1.269,6
1067,17:47:00,2.35,1.32,6
1068,17:48:00,2.267,1.194,6
1069,17:49:00,2.95,1.379,6
1070,17:50:00,2.783,1.32,6
1071,17:51:00,2.4,1.282,6
1072,17:52:00,2.35,0.989,6
1073,17:53:00,2.8,1.212,6
1074,17:54:00,2.033,1.174,6
1075,17:55:00,2.267,1.203,6
1076,17:56:00,1.633,0.609,6
1077,17:57:00,2.1,0.603,6
1078,17:58:00,2.317,1.113,6
1079,17:59:00,2.7,1.004,6
1080,18:00:00,2.55,1.054,6
1081,18:01:00,2.4,1.07,6
1082,18:02:00,2.283,1.019,6
1083,18:03:00,2.7,0.748,6
1084,18:04:00,1.75,0.409,6
1085,18:05:00,1.9,0.704,6
1086,18:06:00,1.967,0.631,6
1087,18:07:00,2.117,0.909,6
1088,18:08:00,2.017,0.924,6
1089,18:09:00,1.983,1.091,6
1090,18:10:00,2.0,0.863,6
1091,18:11:00,2.367,0.671,6
1092,18:12:00,1.883,0.857,6
1093,18:13:00,1.917,0.765,6
1094,18:14:00,2.333,1.219,6
1095,18:15:00,2.067,1.098,6
1096,18:16:00,1.817,0.952,6
1097,18:17:00,1.7,0.934,6
1098,18:18:00,1.733,0.838,6
1099,18:19:00,2.65,2.024,6
1100,18:20:00,2.633,1.541,6
1101,18:21:00,2.067,0.712,6
1102,18:22:00,1.983,0.826,6
1103,18:23:00,2.05,0.802,6
1104,18:24:00,1.867,1.003,6
1105,18:25:00,2.183,1.162,6
1106,18:26:00,1.833,0.909,6
1107,18:27:00,1.983,0.945,6
1108,18:28:00,1.85,0.916,6
1109,18:29:00,1.9,1.041,6
1110,18:30:00,1.933,0.981,6
1111,18:31:00,1.817,0.711,6
1112,18:32:00,1.917,0.725,6
1113,18:33:00,1.95,0.848,6
1114,18:34:00,2.0,0.894,6
1115,18:35:00,2.183,0.773,6
1116,18:36:00,2.067,0.848,6
1117,18:37:00,2.117,0.708,6
1118,18:38:00,2.117,0.786,6
1119,18:39:00,2.217,1.23,6
1120,18:40:00,1.667,0.674,6
1121,18:41:00,1.683,1.003,6
1122,18:42:00,2.283,1.376,6
1123,18:43:00,2.067,0.833,6
1124,18:44:00,2.233,0.809,6
1125,18:45:00,1.917,0.668,6
1126,18:46:00,1.917,0.637,6
1127,18:47:00,2.083,0.941,6
1128,18:48:00,1.8,0.678,6
1129,18:49:00,1.633,0.628,6
1130,18:50:00,1.6,0.61,6
1131,18:51:00,1.683,0.426,6
1132,18:52:00,1.967,0.484,6
1133,18:53:00,1.9,0.901,6
1134,18:54:00,1.767,0.792,6
1135,18:55:00,2.267,0.873,6
1136,18:56:00,2.233,0.946,6
1137,18:57:00,2.083,0.838,6
1138,18:58:00,1.933,0.826,6
1139,18:59:00,1.95,0.831,6
1140,19:00:00,2.317,0.985,6
1141,19:01:00,2.167,1.12,6
1142,19:02:00,2.467,1.023,6
1143,19:03:00,2.217,0.875,6
1144,19:04:00,2.167,1.15,6
1145,19:05:00,2.167,1.237,6
1146,19:06:00,1.933,0.985,6
1147,19:07:00,1.917,1.146,6
1148,19:08:00,2.083,1.179,6
1149,19:09:00,2.067,0.946,6
1150,19:10:00,1.883,0.508,6
1151,19:11:00,2.317,1.12,6
1152,19:12:00,2.467,1.098,6
1153,19:13:00,2.257,1.024,7
1154,19:14:00,2.557,1.211,7
1155,19:15:00,2.186,1.175,7
1156,19:16:00,1.957,0.68,7
1157,19:17:00,1.614,0.463,7
1158,19:18:00,1.971,1.0,7
1159,19:19:00,1.757,0.522,7
1160,19:20:00,1.743,0.583,7
1161,19:21:00,1.843,0.643,7
1162,19:22:00,1.5,0.383,7
1163,19:23:00,1.8,0.668,7
1164,19:24:00,1.471,0.335,7
1165,19:25:00,1.486,0.564,7
1166,19:26:00,1.743,0.766,7
1167,19:27:00,1.657,0.562,7
1168,19:28:00,1.743,0.804,7
1169,19:29:00,1.743,0.675,7
1170,19:30:00,1.557,0.602,7
1171,19:31:00,1.5,0.436,7
1172,19:32:00,1.686,0.699,7
1173,19:33:00,1.586,0.518,7
1174,19:34:00,1.657,0.624,7
1175,19:35:00,1.514,0.456,7
1176,19:36:00,1.671,0.594,7
1177,19:37:00,1.5,0.392,7
1178,19:38:00,1.714,0.962,7
1179,19:39:00,1.714,0.647,7
1180,19:40:00,1.614,0.363,7
1181,19:41:00,1.914,0.672,7
1182,19:42:00,1.614,0.581,7
1183,19:43:00,1.671,0.621,7
1184,19:44:00,1.957,0.858,7
1185,19:45:00,1.771,0.879,7
1186,19:46:00,1.714,0.743,7
1187,19:47:00,1.557,0.529,7
1188,19:48:00,1.6,0.632,7
1189,19:49:00,1.443,0.341,7
1190,19:50:00,1.543,0.516,7
1191,19:51:00,1.7,0.785,7
1192,19:52:00,1.671,0.519,7
1193,19:53:00,1.55,0.575,6
1194,19:54:00,1.383,0.319,6
1195,19:55:00,1.75,0.619,6
1196,19:56:00,1.6,0.696,6
1197,19:57:00,1.867,0.712,6
1198,19:58:00,2.067,0.848,6
1199,19:59:00,1.85,0.709,6
1200,20:00:00,2.05,0.729,6
1201,20:01:00,1.8,0.562,6
1202,20:02:00,2.067,0.841,6
1203,20:03:00,1.883,0.462,6
1204,20:04:00,1.35,0.266,6
1205,20:05:00,1.45,0.362,6
1206,20:06:00,1.517,0.426,6
1207,20:07:00,1.767,0.582,6
1208,20:08:00,1.567,0.493,6
1209,20:09:00,1.683,0.621,6
1210,20:10:00,1.7,0.645,6
1211,20:11:00,1.617,0.598,6
1212,20:12:00,1.533,0.644,6
1213,20:13:00,1.55,0.345,6
1214,20:14:00,1.317,0.232,6
1215,20:15:00,1.5,0.82,6
1216,20:16:00,1.583,0.828,6
1217,20:17:00,1.5,0.54,6
1218,20:18:00,1.35,0.442,6
1219,20:19:00,1.417,0.376,6
1220,20:20:00,1.433,0.501,6
1221,20:21:00,1.517,0.725,6
1222,20:22:00,1.483,0.571,6
1223,20:23:00,1.617,0.821,6
1224,20:24:00,1.517,0.571,6
1225,20:25:00,1.333,0.378,6
1226,20:26:00,1.417,0.744,6
1227,20:27:00,1.35,0.446,6
1228,20:28:00,1.633,0.763,6
1229,20:29:00,1.433,0.615,6
1230,20:30:00,1.883,1.212,6
1231,20:31:00,2.5,1.374,6
1232,20:32:00,2.45,0.981,6
1233,20:33:00,2.033,0.662,6
1234,20:34:00,2.167,0.489,6
1235,20:35:00,2.367,0.761,6
1236,20:36:00,2.267,0.709,6
1237,20:37:00,2.167,1.115,6
1238,20:38:00,2.5,1.403,6
1239,20:39:00,2.517,1.418,6
1240,20:40:00,2.517,1.383,6
1241,20:41:00,2.383,1.216,6
1242,20:42:00,2.283,1.127,6
1243,20:43:00,2.5,1.014,6
1244,20:44:00,2.3,1.101,6
1245,20:45:00,2.483,1.297,6
1246,20:46:00,2.25,1.2,6
1247,20:47:00,2.383,1.105,6
1248,20:48:00,2.583,1.267,6
1249,20:49:00,2.317,1.317,6
1250,20:50:00,2.95,1.115,6
1251,20:51:00,2.133,1.023,6
1252,20:52:00,2.5,0.984,6
1253,20:53:00,2.583,0.966,6
1254,20:54:00,2.05,0.869,6
1255,20:55:00,2.183,1.174,6
1256,20:56:00,2.25,1.171,6
1257,20:57:00,2.317,1.392,6
1258,20:58:00,2.283,1.283,6
1259,20:59:00,2.283,1.103,6
1260,21:00:00,2.25,1.073,6
1261,21:01:00,2.2,1.203,6
1262,21:02:00,2.233,1.152,6
1263,21:03:00,2.067,1.098,6
1264,21:04:00,2.05,1.021,6
1265,21:05:00,1.983,0.979,6
1266,21:06:00,2.033,0.903,6
1267,21:07:00,2.1,0.965,6
1268,21:08:00,2.017,0.947,6
1269,21:09:00,1.967,0.946,6
1270,21:10:00,1.8,0.78,6
1271,21:11:00,1.6,0.522,6
1272,21:12:00,1.983,0.776,6
1273,21:13:00,1.967,0.931,6
1274,21:14:00,2.067,0.995,6
1275,21:15:00,2.183,1.007,6
1276,21:16:00,2.1,1.122,6
1277,21:17:00,1.983,1.121,6
1278,21:18:00,1.967,1.052,6
1279,21:19:00,2.017,1.078,6
1280,21:20:00,1.967,0.585,6
1281,21:21:00,1.85,0.476,6
1282,21:22:00,1.917,1.098,6
1283,21:23:00,2.017,1.386,6
1284,21:24:00,1.833,0.829,6
1285,21:25:00,1.767,0.606,6
1286,21:26:00,1.433,0.582,6
1287,21:27:00,1.367,0.45,6
1288,21:28:00,1.817,0.913,6
1289,21:29:00,1.7,0.704,6
1290,21:30:00,1.6,0.502,6
1291,21:31:00,1.45,0.362,6
1292,21:32:00,1.467,0.327,6
1293,21:33:00,1.533,0.446,6
1294,21:34:00,1.533,0.52,6
1295,21:35:00,1.55,0.464,6
1296,21:36:00,1.5,0.663,7
1297,21:37:00,1.629,0.663,7
1298,21:38:00,1.7,0.616,7
1299,21:39:00,1.829,0.69,7
1300,21:40:00,2.086,0.965,7
1301,21:41:00,2.214,1.038,7
1302,21:42:00,2.557,1.393,7
1303,21:43:00,2.443,1.29,7
1304,21:44:00,2.471,1.305,7
1305,21:45:00,2.543,1.083,7
1306,21:46:00,2.743,0.909,7
1307,21:47:00,2.529,1.019,7
1308,21:48:00,2.6,1.389,7
1309,21:49:00,2.343,1.109,7
1310,21:50:00,2.171,0.945,7
1311,21:51:00,2.243,1.037,7
1312,21:52:00,3.0,1.476,7
1313,21:53:00,2.371,1.067,7
1314,21:54:00,2.743,2.334,7
1315,21:55:00,3.029,2.494,7
1316,21:56:00,3.043,2.597,7
1317,21:57:00,3.214,2.735,7
1318,21:58:00,2.257,0.969,7
1319,21:59:00,1.929,0.842,7
1320,22:00:00,2.071,0.939,7
1321,22:01:00,2.129,1.271,7
1322,22:02:00,2.057,1.22,7
1323,22:03:00,2.043,1.282,7
1324,22:04:00,2.029,1.212,7
1325,22:05:00,2.0,1.319,7
1326,22:06:00,2.0,1.412,7
1327,22:07:00,1.514,0.626,7
1328,22:08:00,1.7,0.627,7
1329,22:09:00,1.3,0.516,7
1330,22:10:00,1.414,0.467,7
1331,22:11:00,1.357,0.435,7
1332,22:12:00,1.343,0.341,7
1333,22:13:00,1.514,0.508,7
1334,22:14:00,2.017,1.148,6
1335,22:15:00,2.217,1.209,6
1336,22:16:00,1.983,1.314,6
1337,22:17:00,2.067,1.465,6
1338,22:18:00,2.367,1.343,6
1339,22:19:00,2.217,1.019,6
1340,22:20:00,2.35,1.245,6
1341,22:21:00,2.617,1.427,6
1342,22:22:00,2.333,1.125,6
1343,22:23:00,2.383,1.38,6
1344,22:24:00,2.483,1.123,6
1345,22:25:00,2.35,1.095,6
1346,22:26:00,2.3,0.992,6
1347,22:27:00,2.067,0.794,6
1348,22:28:00,2.283,0.85,6
1349,22:29:00,2.183,1.139,6
1350,22:30:00,2.267,1.052,6
1351,22:31:00,2.35,0.997,6
1352,22:32:00,2.183,0.891,6
1353,22:33:00,2.217,0.926,6
1354,22:34:00,2.14,1.184,5
1355,22:35:00,2.26,1.071,5
1356,22:36:00,2.18,0.904,5
1357,22:37:00,1.78,0.507,5
1358,22:38:00,1.52,0.303,5
1359,22:39:00,1.36,0.416,5
1360,22:40:00,1.38,0.415,5
1361,22:41:00,1.34,0.428,5
1362,22:42:00,1.625,0.538,4
1363,22:43:00,1.725,0.55,4
1364,22:44:00,1.4,0.365,4
1365,22:45:00,1.4,0.49,4
1366,22:46:00,1.875,0.695,4
1367,22:47:00,1.725,0.608,4
1368,22:48:00,2.0,1.058,4
1369,22:49:00,2.125,1.059,4
1370,22:50:00,1.925,1.09,4
1371,22:51:00,2.225,1.215,4
1372,22:52:00,2.125,1.109,4
1373,22:53:00,1.6,1.2,4
1374,22:54:00,1.85,0.904,4
1375,22:55:00,1.925,0.967,4
1376,22:56:00,2.0,1.122,4
1377,22:57:00,1.85,1.139,4
1378,22:58:00,1.95,1.109,4
1379,22:59:00,1.875,1.17,4
1380,23:00:00,2.05,1.109,4
1381,23:01:00,1.9,1.283,4
1382,23:02:00,1.8,1.111,4
1383,23:03:00,1.875,1.352,4
1384,23:04:00,1.825,1.195,4
1385,23:05:00,1.95,1.348,4
1386,23:06:00,1.65,1.234,4
1387,23:07:00,1.7,1.268,4
1388,23:08:00,1.525,0.85,4
1389,23:09:00,2.0,1.189,4
1390,23:10:00,2.15,1.182,4
1391,23:11:00,2.125,0.922,4
1392,23:12:00,1.525,0.443,4
1393,23:13:00,1.467,0.462,3
1394,23:14:00,1.5,0.361,3
1395,23:15:00,1.567,0.737,3
1396,23:16:00,1.433,0.751,3
1397,23:17:00,1.0,0.0,3
1398,23:18:00,1.067,0.115,3
1399,23:19:00,1.133,0.153,3
1400,23:20:00,1.2,0.2,3
1401,23:21:00,1.333,0.493,3
1402,23:22:00,1.367,0.321,3
1403,23:23:00,1.1,0.1,3
1404,23:24:00,1.067,0.115,3
1405,23:25:00,1.333,0.577,3
1406,23:26:00,1.2,0.346,3
1407,23:27:00,1.133,0.231,3
1408,23:28:00,1.033,0.058,3
1409,23:29:00,1.0,0.0,3
1410,23:30:00,1.533,0.924,3
1411,23:31:00,1.467,0.404,3
1412,23:32:00,1.467,0.569,3
1413,23:33:00,1.5,0.624,3
1414,23:34:00,1.4,0.424,2
1415,23:35:00,1.7,0.99,2
1416,23:36:00,1.8,1.131,2
1417,23:37:00,1.75,0.636,2
1418,23:38:00,1.6,0.0,2
1419,23:39:00,1.8,0.141,2
1420,23:40:00,2.35,0.495,2
1421,23:41:00,2.6,0.283,2
1422,23:42:00,2.0,0.283,2
1423,23:43:00,1.8,0.566,2
1424,23:44:00,1.4,0.566,2
1425,23:45:00,1.3,0.424,2
1426,23:46:00,1.4,0.141,2
1427,23:47:00,1.8,0.141,2
1428,23:48:00,1.3,0,1
1429,23:49:00,1.0,0,1
1430,23:50:00,1.2,0,1
1431,23:51:00,1.1,0,1
1432,23:52:00,1.0,0,1
1433,23:53:00,1.0,0,1
1434,23:54:00,1.2,0,1
1435,23:55:00,1.0,0,1
1436,23:56:00,1.0,0,1
1437,23:57:00,,,0
1438,23:58:00,,,0
1439,23:59:00,,,0
